member,field_path,dtype,shape,size,missing_or_nonfinite,numeric_min,numeric_max,candidate_role
kw34hhw7xg-3/Readme.txt,Battery,object,77,77,0,,,other
kw34hhw7xg-3/Readme.txt,Charge Rate,object,77,77,0,,,other
kw34hhw7xg-3/Readme.txt,Discharge Rate,object,77,77,0,,,other
kw34hhw7xg-3/Cycled with Arbitrary Uses Profiles/#1/LR1865SZ_cycles210121_001_1.xlsx,记录表.Data_Point,int64,259018,259018,0,,,other
kw34hhw7xg-3/Cycled with Arbitrary Uses Profiles/#1/LR1865SZ_cycles210121_001_1.xlsx,记录表.Test_Time(s),object,259018,259018,0,,,other
kw34hhw7xg-3/Cycled with Arbitrary Uses Profiles/#1/LR1865SZ_cycles210121_001_1.xlsx,记录表.Current(A),float64,259018,259018,0,,,current_or_rate_candidate
kw34hhw7xg-3/Cycled with Arbitrary Uses Profiles/#1/LR1865SZ_cycles210121_001_1.xlsx,记录表.Capacity(Ah),float64,259018,259018,0,,,capacity_candidate
kw34hhw7xg-3/Cycled with Arbitrary Uses Profiles/#1/LR1865SZ_cycles210121_001_1.xlsx,记录表.Voltage(V),float64,259018,259018,0,,,other
kw34hhw7xg-3/Cycled with Arbitrary Uses Profiles/#1/LR1865SZ_cycles210121_001_1.xlsx,记录表.Energy(Wh),float64,259018,259018,0,,,other
kw34hhw7xg-3/Cycled with Arbitrary Uses Profiles/#1/LR1865SZ_cycles210121_001_1.xlsx,记录表.Temperature(℃),float64,259018,259018,0,,,other
kw34hhw7xg-3/Cycled with Arbitrary Uses Profiles/#1/LR1865SZ_cycles210121_001_1.xlsx,记录表.Date_Time,datetime64[ns],259018,259018,,,,other
kw34hhw7xg-3/Cycled with Arbitrary Uses Profiles/#1/LR1865SZ_cycles210121_001_1.xlsx,记录表.Cycle_Index,int64,259018,259018,0,1.0,101.0,physical_cycle_candidate
kw34hhw7xg-3/Cycled with Arbitrary Uses Profiles/#1/LR1865SZ_first20cycle210117_001_1.xlsx,记录表.Data_Point,int64,313534,313534,0,,,other
kw34hhw7xg-3/Cycled with Arbitrary Uses Profiles/#1/LR1865SZ_first20cycle210117_001_1.xlsx,记录表.Test_Time(s),object,313534,313534,0,,,other
kw34hhw7xg-3/Cycled with Arbitrary Uses Profiles/#1/LR1865SZ_first20cycle210117_001_1.xlsx,记录表.Current(A),float64,313534,313534,0,,,current_or_rate_candidate
kw34hhw7xg-3/Cycled with Arbitrary Uses Profiles/#1/LR1865SZ_first20cycle210117_001_1.xlsx,记录表.Capacity(Ah),float64,313534,313534,0,,,capacity_candidate
kw34hhw7xg-3/Cycled with Arbitrary Uses Profiles/#1/LR1865SZ_first20cycle210117_001_1.xlsx,记录表.Voltage(V),float64,313534,313534,0,,,other
kw34hhw7xg-3/Cycled with Arbitrary Uses Profiles/#1/LR1865SZ_first20cycle210117_001_1.xlsx,记录表.Energy(Wh),float64,313534,313534,0,,,other
kw34hhw7xg-3/Cycled with Arbitrary Uses Profiles/#1/LR1865SZ_first20cycle210117_001_1.xlsx,记录表.Temperature(℃),float64,313534,313534,0,,,other
kw34hhw7xg-3/Cycled with Arbitrary Uses Profiles/#1/LR1865SZ_first20cycle210117_001_1.xlsx,记录表.Date_Time,datetime64[ns],313534,313534,,,,other
kw34hhw7xg-3/Cycled with Arbitrary Uses Profiles/#1/LR1865SZ_first20cycle210117_001_1.xlsx,记录表.Cycle_Index,int64,313534,313534,0,1.0,21.0,physical_cycle_candidate
kw34hhw7xg-3/Cycled with Arbitrary Uses Profiles/#11/LR1865SZ_cycles201229_001_3.xlsx,记录表.Data_Point,int64,207103,207103,0,,,other
kw34hhw7xg-3/Cycled with Arbitrary Uses Profiles/#11/LR1865SZ_cycles201229_001_3.xlsx,记录表.Test_Time(s),object,207103,207103,0,,,other
kw34hhw7xg-3/Cycled with Arbitrary Uses Profiles/#11/LR1865SZ_cycles201229_001_3.xlsx,记录表.Current(A),float64,207103,207103,0,,,current_or_rate_candidate
kw34hhw7xg-3/Cycled with Arbitrary Uses Profiles/#11/LR1865SZ_cycles201229_001_3.xlsx,记录表.Capacity(Ah),float64,207103,207103,0,,,capacity_candidate
kw34hhw7xg-3/Cycled with Arbitrary Uses Profiles/#11/LR1865SZ_cycles201229_001_3.xlsx,记录表.Voltage(V),float64,207103,207103,0,,,other
kw34hhw7xg-3/Cycled with Arbitrary Uses Profiles/#11/LR1865SZ_cycles201229_001_3.xlsx,记录表.Energy(Wh),float64,207103,207103,0,,,other
kw34hhw7xg-3/Cycled with Arbitrary Uses Profiles/#11/LR1865SZ_cycles201229_001_3.xlsx,记录表.Temperature(℃),float64,207103,207103,0,,,other
kw34hhw7xg-3/Cycled with Arbitrary Uses Profiles/#11/LR1865SZ_cycles201229_001_3.xlsx,记录表.Date_Time,datetime64[ns],207103,207103,,,,other
kw34hhw7xg-3/Cycled with Arbitrary Uses Profiles/#11/LR1865SZ_cycles201229_001_3.xlsx,记录表.Cycle_Index,int64,207103,207103,0,1.0,101.0,physical_cycle_candidate
kw34hhw7xg-3/Cycled with Arbitrary Uses Profiles/#11/LR1865SZ_first20cycle201225_001_3.xlsx,记录表.Data_Point,int64,317965,317965,0,,,other
kw34hhw7xg-3/Cycled with Arbitrary Uses Profiles/#11/LR1865SZ_first20cycle201225_001_3.xlsx,记录表.Test_Time(s),object,317965,317965,0,,,other
kw34hhw7xg-3/Cycled with Arbitrary Uses Profiles/#11/LR1865SZ_first20cycle201225_001_3.xlsx,记录表.Current(A),float64,317965,317965,0,,,current_or_rate_candidate
kw34hhw7xg-3/Cycled with Arbitrary Uses Profiles/#11/LR1865SZ_first20cycle201225_001_3.xlsx,记录表.Capacity(Ah),float64,317965,317965,0,,,capacity_candidate
kw34hhw7xg-3/Cycled with Arbitrary Uses Profiles/#11/LR1865SZ_first20cycle201225_001_3.xlsx,记录表.Voltage(V),float64,317965,317965,0,,,other
kw34hhw7xg-3/Cycled with Arbitrary Uses Profiles/#11/LR1865SZ_first20cycle201225_001_3.xlsx,记录表.Energy(Wh),float64,317965,317965,0,,,other
kw34hhw7xg-3/Cycled with Arbitrary Uses Profiles/#11/LR1865SZ_first20cycle201225_001_3.xlsx,记录表.Temperature(℃),float64,317965,317965,0,,,other
kw34hhw7xg-3/Cycled with Arbitrary Uses Profiles/#11/LR1865SZ_first20cycle201225_001_3.xlsx,记录表.Date_Time,datetime64[ns],317965,317965,,,,other
kw34hhw7xg-3/Cycled with Arbitrary Uses Profiles/#11/LR1865SZ_first20cycle201225_001_3.xlsx,记录表.Cycle_Index,int64,317965,317965,0,1.0,21.0,physical_cycle_candidate
kw34hhw7xg-3/Cycled with Arbitrary Uses Profiles/#12/LR1865SZ_cycles210109_001_3.xlsx,记录表.Data_Point,int64,204328,204328,0,,,other
kw34hhw7xg-3/Cycled with Arbitrary Uses Profiles/#12/LR1865SZ_cycles210109_001_3.xlsx,记录表.Test_Time(s),object,204328,204328,0,,,other
kw34hhw7xg-3/Cycled with Arbitrary Uses Profiles/#12/LR1865SZ_cycles210109_001_3.xlsx,记录表.Current(A),float64,204328,204328,0,,,current_or_rate_candidate
kw34hhw7xg-3/Cycled with Arbitrary Uses Profiles/#12/LR1865SZ_cycles210109_001_3.xlsx,记录表.Capacity(Ah),float64,204328,204328,0,,,capacity_candidate
kw34hhw7xg-3/Cycled with Arbitrary Uses Profiles/#12/LR1865SZ_cycles210109_001_3.xlsx,记录表.Voltage(V),float64,204328,204328,0,,,other
kw34hhw7xg-3/Cycled with Arbitrary Uses Profiles/#12/LR1865SZ_cycles210109_001_3.xlsx,记录表.Energy(Wh),float64,204328,204328,0,,,other
kw34hhw7xg-3/Cycled with Arbitrary Uses Profiles/#12/LR1865SZ_cycles210109_001_3.xlsx,记录表.Temperature(℃),float64,204328,204328,0,,,other
kw34hhw7xg-3/Cycled with Arbitrary Uses Profiles/#12/LR1865SZ_cycles210109_001_3.xlsx,记录表.Date_Time,datetime64[ns],204328,204328,,,,other
kw34hhw7xg-3/Cycled with Arbitrary Uses Profiles/#12/LR1865SZ_cycles210109_001_3.xlsx,记录表.Cycle_Index,int64,204328,204328,0,1.0,101.0,physical_cycle_candidate
kw34hhw7xg-3/Cycled with Arbitrary Uses Profiles/#12/LR1865SZ_first20cycle210105_001_3.xlsx,记录表.Data_Point,int64,316904,316904,0,,,other
kw34hhw7xg-3/Cycled with Arbitrary Uses Profiles/#12/LR1865SZ_first20cycle210105_001_3.xlsx,记录表.Test_Time(s),object,316904,316904,0,,,other
kw34hhw7xg-3/Cycled with Arbitrary Uses Profiles/#12/LR1865SZ_first20cycle210105_001_3.xlsx,记录表.Current(A),float64,316904,316904,0,,,current_or_rate_candidate
kw34hhw7xg-3/Cycled with Arbitrary Uses Profiles/#12/LR1865SZ_first20cycle210105_001_3.xlsx,记录表.Capacity(Ah),float64,316904,316904,0,,,capacity_candidate
kw34hhw7xg-3/Cycled with Arbitrary Uses Profiles/#12/LR1865SZ_first20cycle210105_001_3.xlsx,记录表.Voltage(V),float64,316904,316904,0,,,other
kw34hhw7xg-3/Cycled with Arbitrary Uses Profiles/#12/LR1865SZ_first20cycle210105_001_3.xlsx,记录表.Energy(Wh),float64,316904,316904,0,,,other
kw34hhw7xg-3/Cycled with Arbitrary Uses Profiles/#12/LR1865SZ_first20cycle210105_001_3.xlsx,记录表.Temperature(℃),float64,316904,316904,0,,,other
kw34hhw7xg-3/Cycled with Arbitrary Uses Profiles/#12/LR1865SZ_first20cycle210105_001_3.xlsx,记录表.Date_Time,datetime64[ns],316904,316904,,,,other
kw34hhw7xg-3/Cycled with Arbitrary Uses Profiles/#12/LR1865SZ_first20cycle210105_001_3.xlsx,记录表.Cycle_Index,int64,316904,316904,0,1.0,21.0,physical_cycle_candidate
kw34hhw7xg-3/Cycled with Arbitrary Uses Profiles/#14/LR1865SZ_cycles201229_001_5.xlsx,记录表.Data_Point,int64,267922,267922,0,,,other
kw34hhw7xg-3/Cycled with Arbitrary Uses Profiles/#14/LR1865SZ_cycles201229_001_5.xlsx,记录表.Test_Time(s),object,267922,267922,0,,,other
kw34hhw7xg-3/Cycled with Arbitrary Uses Profiles/#14/LR1865SZ_cycles201229_001_5.xlsx,记录表.Current(A),float64,267922,267922,0,,,current_or_rate_candidate
kw34hhw7xg-3/Cycled with Arbitrary Uses Profiles/#14/LR1865SZ_cycles201229_001_5.xlsx,记录表.Capacity(Ah),float64,267922,267922,0,,,capacity_candidate
kw34hhw7xg-3/Cycled with Arbitrary Uses Profiles/#14/LR1865SZ_cycles201229_001_5.xlsx,记录表.Voltage(V),float64,267922,267922,0,,,other
kw34hhw7xg-3/Cycled with Arbitrary Uses Profiles/#14/LR1865SZ_cycles201229_001_5.xlsx,记录表.Energy(Wh),float64,267922,267922,0,,,other
kw34hhw7xg-3/Cycled with Arbitrary Uses Profiles/#14/LR1865SZ_cycles201229_001_5.xlsx,记录表.Temperature(℃),float64,267922,267922,0,,,other
kw34hhw7xg-3/Cycled with Arbitrary Uses Profiles/#14/LR1865SZ_cycles201229_001_5.xlsx,记录表.Date_Time,datetime64[ns],267922,267922,,,,other
kw34hhw7xg-3/Cycled with Arbitrary Uses Profiles/#14/LR1865SZ_cycles201229_001_5.xlsx,记录表.Cycle_Index,int64,267922,267922,0,1.0,101.0,physical_cycle_candidate
kw34hhw7xg-3/Cycled with Arbitrary Uses Profiles/#14/LR1865SZ_first20cycle201225_001_5.xlsx,记录表.Data_Point,int64,325705,325705,0,,,other
kw34hhw7xg-3/Cycled with Arbitrary Uses Profiles/#14/LR1865SZ_first20cycle201225_001_5.xlsx,记录表.Test_Time(s),object,325705,325705,0,,,other
kw34hhw7xg-3/Cycled with Arbitrary Uses Profiles/#14/LR1865SZ_first20cycle201225_001_5.xlsx,记录表.Current(A),float64,325705,325705,0,,,current_or_rate_candidate
kw34hhw7xg-3/Cycled with Arbitrary Uses Profiles/#14/LR1865SZ_first20cycle201225_001_5.xlsx,记录表.Capacity(Ah),float64,325705,325705,0,,,capacity_candidate
kw34hhw7xg-3/Cycled with Arbitrary Uses Profiles/#14/LR1865SZ_first20cycle201225_001_5.xlsx,记录表.Voltage(V),float64,325705,325705,0,,,other
kw34hhw7xg-3/Cycled with Arbitrary Uses Profiles/#14/LR1865SZ_first20cycle201225_001_5.xlsx,记录表.Energy(Wh),float64,325705,325705,0,,,other
kw34hhw7xg-3/Cycled with Arbitrary Uses Profiles/#14/LR1865SZ_first20cycle201225_001_5.xlsx,记录表.Temperature(℃),float64,325705,325705,0,,,other
kw34hhw7xg-3/Cycled with Arbitrary Uses Profiles/#14/LR1865SZ_first20cycle201225_001_5.xlsx,记录表.Date_Time,datetime64[ns],325705,325705,,,,other
kw34hhw7xg-3/Cycled with Arbitrary Uses Profiles/#14/LR1865SZ_first20cycle201225_001_5.xlsx,记录表.Cycle_Index,int64,325705,325705,0,1.0,21.0,physical_cycle_candidate
kw34hhw7xg-3/Cycled with Arbitrary Uses Profiles/#15/LR1865SZ_cycles210110_001_5.xlsx,记录表.Data_Point,int64,217169,217169,0,,,other
kw34hhw7xg-3/Cycled with Arbitrary Uses Profiles/#15/LR1865SZ_cycles210110_001_5.xlsx,记录表.Test_Time(s),object,217169,217169,0,,,other
kw34hhw7xg-3/Cycled with Arbitrary Uses Profiles/#15/LR1865SZ_cycles210110_001_5.xlsx,记录表.Current(A),float64,217169,217169,0,,,current_or_rate_candidate
kw34hhw7xg-3/Cycled with Arbitrary Uses Profiles/#15/LR1865SZ_cycles210110_001_5.xlsx,记录表.Capacity(Ah),float64,217169,217169,0,,,capacity_candidate
kw34hhw7xg-3/Cycled with Arbitrary Uses Profiles/#15/LR1865SZ_cycles210110_001_5.xlsx,记录表.Voltage(V),float64,217169,217169,0,,,other
kw34hhw7xg-3/Cycled with Arbitrary Uses Profiles/#15/LR1865SZ_cycles210110_001_5.xlsx,记录表.Energy(Wh),float64,217169,217169,0,,,other
kw34hhw7xg-3/Cycled with Arbitrary Uses Profiles/#15/LR1865SZ_cycles210110_001_5.xlsx,记录表.Temperature(℃),float64,217169,217169,0,,,other
kw34hhw7xg-3/Cycled with Arbitrary Uses Profiles/#15/LR1865SZ_cycles210110_001_5.xlsx,记录表.Date_Time,datetime64[ns],217169,217169,,,,other
kw34hhw7xg-3/Cycled with Arbitrary Uses Profiles/#15/LR1865SZ_cycles210110_001_5.xlsx,记录表.Cycle_Index,int64,217169,217169,0,1.0,101.0,physical_cycle_candidate
kw34hhw7xg-3/Cycled with Arbitrary Uses Profiles/#15/LR1865SZ_first20cycle210106_001_5.xlsx,记录表.Data_Point,int64,323227,323227,0,,,other
kw34hhw7xg-3/Cycled with Arbitrary Uses Profiles/#15/LR1865SZ_first20cycle210106_001_5.xlsx,记录表.Test_Time(s),object,323227,323227,0,,,other
kw34hhw7xg-3/Cycled with Arbitrary Uses Profiles/#15/LR1865SZ_first20cycle210106_001_5.xlsx,记录表.Current(A),float64,323227,323227,0,,,current_or_rate_candidate
kw34hhw7xg-3/Cycled with Arbitrary Uses Profiles/#15/LR1865SZ_first20cycle210106_001_5.xlsx,记录表.Capacity(Ah),float64,323227,323227,0,,,capacity_candidate
kw34hhw7xg-3/Cycled with Arbitrary Uses Profiles/#15/LR1865SZ_first20cycle210106_001_5.xlsx,记录表.Voltage(V),float64,323227,323227,0,,,other
kw34hhw7xg-3/Cycled with Arbitrary Uses Profiles/#15/LR1865SZ_first20cycle210106_001_5.xlsx,记录表.Energy(Wh),float64,323227,323227,0,,,other
kw34hhw7xg-3/Cycled with Arbitrary Uses Profiles/#15/LR1865SZ_first20cycle210106_001_5.xlsx,记录表.Temperature(℃),float64,323227,323227,0,,,other
kw34hhw7xg-3/Cycled with Arbitrary Uses Profiles/#15/LR1865SZ_first20cycle210106_001_5.xlsx,记录表.Date_Time,datetime64[ns],323227,323227,,,,other
kw34hhw7xg-3/Cycled with Arbitrary Uses Profiles/#15/LR1865SZ_first20cycle210106_001_5.xlsx,记录表.Cycle_Index,int64,323227,323227,0,1.0,21.0,physical_cycle_candidate
kw34hhw7xg-3/Cycled with Arbitrary Uses Profiles/#17/LR1865SZ_cycles201229_001_6.xlsx,记录表.Data_Point,int64,262758,262758,0,,,other
kw34hhw7xg-3/Cycled with Arbitrary Uses Profiles/#17/LR1865SZ_cycles201229_001_6.xlsx,记录表.Test_Time(s),object,262758,262758,0,,,other
kw34hhw7xg-3/Cycled with Arbitrary Uses Profiles/#17/LR1865SZ_cycles201229_001_6.xlsx,记录表.Current(A),float64,262758,262758,0,,,current_or_rate_candidate
kw34hhw7xg-3/Cycled with Arbitrary Uses Profiles/#17/LR1865SZ_cycles201229_001_6.xlsx,记录表.Capacity(Ah),float64,262758,262758,0,,,capacity_candidate
kw34hhw7xg-3/Cycled with Arbitrary Uses Profiles/#17/LR1865SZ_cycles201229_001_6.xlsx,记录表.Voltage(V),float64,262758,262758,0,,,other
kw34hhw7xg-3/Cycled with Arbitrary Uses Profiles/#17/LR1865SZ_cycles201229_001_6.xlsx,记录表.Energy(Wh),float64,262758,262758,0,,,other
kw34hhw7xg-3/Cycled with Arbitrary Uses Profiles/#17/LR1865SZ_cycles201229_001_6.xlsx,记录表.Temperature(℃),float64,262758,262758,0,,,other
kw34hhw7xg-3/Cycled with Arbitrary Uses Profiles/#17/LR1865SZ_cycles201229_001_6.xlsx,记录表.Date_Time,datetime64[ns],262758,262758,,,,other
kw34hhw7xg-3/Cycled with Arbitrary Uses Profiles/#17/LR1865SZ_cycles201229_001_6.xlsx,记录表.Cycle_Index,int64,262758,262758,0,1.0,101.0,physical_cycle_candidate
kw34hhw7xg-3/Cycled with Arbitrary Uses Profiles/#17/LR1865SZ_first20cycle201225_001_6.xlsx,记录表.Data_Point,int64,320552,320552,0,,,other
kw34hhw7xg-3/Cycled with Arbitrary Uses Profiles/#17/LR1865SZ_first20cycle201225_001_6.xlsx,记录表.Test_Time(s),object,320552,320552,0,,,other
kw34hhw7xg-3/Cycled with Arbitrary Uses Profiles/#17/LR1865SZ_first20cycle201225_001_6.xlsx,记录表.Current(A),float64,320552,320552,0,,,current_or_rate_candidate
kw34hhw7xg-3/Cycled with Arbitrary Uses Profiles/#17/LR1865SZ_first20cycle201225_001_6.xlsx,记录表.Capacity(Ah),float64,320552,320552,0,,,capacity_candidate
kw34hhw7xg-3/Cycled with Arbitrary Uses Profiles/#17/LR1865SZ_first20cycle201225_001_6.xlsx,记录表.Voltage(V),float64,320552,320552,0,,,other
kw34hhw7xg-3/Cycled with Arbitrary Uses Profiles/#17/LR1865SZ_first20cycle201225_001_6.xlsx,记录表.Energy(Wh),float64,320552,320552,0,,,other
kw34hhw7xg-3/Cycled with Arbitrary Uses Profiles/#17/LR1865SZ_first20cycle201225_001_6.xlsx,记录表.Temperature(℃),float64,320552,320552,0,,,other
kw34hhw7xg-3/Cycled with Arbitrary Uses Profiles/#17/LR1865SZ_first20cycle201225_001_6.xlsx,记录表.Date_Time,datetime64[ns],320552,320552,,,,other
kw34hhw7xg-3/Cycled with Arbitrary Uses Profiles/#17/LR1865SZ_first20cycle201225_001_6.xlsx,记录表.Cycle_Index,int64,320552,320552,0,1.0,21.0,physical_cycle_candidate
kw34hhw7xg-3/Cycled with Arbitrary Uses Profiles/#18/LR1865SZ_cycles210110_001_6.xlsx,记录表.Data_Point,int64,213457,213457,0,,,other
kw34hhw7xg-3/Cycled with Arbitrary Uses Profiles/#18/LR1865SZ_cycles210110_001_6.xlsx,记录表.Test_Time(s),object,213457,213457,0,,,other
kw34hhw7xg-3/Cycled with Arbitrary Uses Profiles/#18/LR1865SZ_cycles210110_001_6.xlsx,记录表.Current(A),float64,213457,213457,0,,,current_or_rate_candidate
kw34hhw7xg-3/Cycled with Arbitrary Uses Profiles/#18/LR1865SZ_cycles210110_001_6.xlsx,记录表.Capacity(Ah),float64,213457,213457,0,,,capacity_candidate
kw34hhw7xg-3/Cycled with Arbitrary Uses Profiles/#18/LR1865SZ_cycles210110_001_6.xlsx,记录表.Voltage(V),float64,213457,213457,0,,,other
kw34hhw7xg-3/Cycled with Arbitrary Uses Profiles/#18/LR1865SZ_cycles210110_001_6.xlsx,记录表.Energy(Wh),float64,213457,213457,0,,,other
kw34hhw7xg-3/Cycled with Arbitrary Uses Profiles/#18/LR1865SZ_cycles210110_001_6.xlsx,记录表.Temperature(℃),float64,213457,213457,0,,,other
kw34hhw7xg-3/Cycled with Arbitrary Uses Profiles/#18/LR1865SZ_cycles210110_001_6.xlsx,记录表.Date_Time,datetime64[ns],213457,213457,,,,other
kw34hhw7xg-3/Cycled with Arbitrary Uses Profiles/#18/LR1865SZ_cycles210110_001_6.xlsx,记录表.Cycle_Index,int64,213457,213457,0,1.0,101.0,physical_cycle_candidate
kw34hhw7xg-3/Cycled with Arbitrary Uses Profiles/#18/LR1865SZ_first20cycle210106_001_6.xlsx,记录表.Data_Point,int64,319932,319932,0,,,other
kw34hhw7xg-3/Cycled with Arbitrary Uses Profiles/#18/LR1865SZ_first20cycle210106_001_6.xlsx,记录表.Test_Time(s),object,319932,319932,0,,,other
kw34hhw7xg-3/Cycled with Arbitrary Uses Profiles/#18/LR1865SZ_first20cycle210106_001_6.xlsx,记录表.Current(A),float64,319932,319932,0,,,current_or_rate_candidate
kw34hhw7xg-3/Cycled with Arbitrary Uses Profiles/#18/LR1865SZ_first20cycle210106_001_6.xlsx,记录表.Capacity(Ah),float64,319932,319932,0,,,capacity_candidate
kw34hhw7xg-3/Cycled with Arbitrary Uses Profiles/#18/LR1865SZ_first20cycle210106_001_6.xlsx,记录表.Voltage(V),float64,319932,319932,0,,,other
kw34hhw7xg-3/Cycled with Arbitrary Uses Profiles/#18/LR1865SZ_first20cycle210106_001_6.xlsx,记录表.Energy(Wh),float64,319932,319932,0,,,other
kw34hhw7xg-3/Cycled with Arbitrary Uses Profiles/#18/LR1865SZ_first20cycle210106_001_6.xlsx,记录表.Temperature(℃),float64,319932,319932,0,,,other
kw34hhw7xg-3/Cycled with Arbitrary Uses Profiles/#18/LR1865SZ_first20cycle210106_001_6.xlsx,记录表.Date_Time,datetime64[ns],319932,319932,,,,other
kw34hhw7xg-3/Cycled with Arbitrary Uses Profiles/#18/LR1865SZ_first20cycle210106_001_6.xlsx,记录表.Cycle_Index,int64,319932,319932,0,1.0,21.0,physical_cycle_candidate
kw34hhw7xg-3/Cycled with Arbitrary Uses Profiles/#20/LR1865SZ_cycles210103_001_7.xlsx,记录表.Data_Point,int64,283956,283956,0,,,other
kw34hhw7xg-3/Cycled with Arbitrary Uses Profiles/#20/LR1865SZ_cycles210103_001_7.xlsx,记录表.Test_Time(s),object,283956,283956,0,,,other
kw34hhw7xg-3/Cycled with Arbitrary Uses Profiles/#20/LR1865SZ_cycles210103_001_7.xlsx,记录表.Current(A),float64,283956,283956,0,,,current_or_rate_candidate
kw34hhw7xg-3/Cycled with Arbitrary Uses Profiles/#20/LR1865SZ_cycles210103_001_7.xlsx,记录表.Capacity(Ah),float64,283956,283956,0,,,capacity_candidate
kw34hhw7xg-3/Cycled with Arbitrary Uses Profiles/#20/LR1865SZ_cycles210103_001_7.xlsx,记录表.Voltage(V),float64,283956,283956,0,,,other
kw34hhw7xg-3/Cycled with Arbitrary Uses Profiles/#20/LR1865SZ_cycles210103_001_7.xlsx,记录表.Energy(Wh),float64,283956,283956,0,,,other
kw34hhw7xg-3/Cycled with Arbitrary Uses Profiles/#20/LR1865SZ_cycles210103_001_7.xlsx,记录表.Temperature(℃),float64,283956,283956,0,,,other
kw34hhw7xg-3/Cycled with Arbitrary Uses Profiles/#20/LR1865SZ_cycles210103_001_7.xlsx,记录表.Date_Time,datetime64[ns],283956,283956,,,,other
kw34hhw7xg-3/Cycled with Arbitrary Uses Profiles/#20/LR1865SZ_cycles210103_001_7.xlsx,记录表.Cycle_Index,int64,283956,283956,0,1.0,101.0,physical_cycle_candidate
kw34hhw7xg-3/Cycled with Arbitrary Uses Profiles/#20/LR1865SZ_first20cycles201201_001_7.xlsx,记录表.Data_Point,int64,322270,322270,0,,,other
kw34hhw7xg-3/Cycled with Arbitrary Uses Profiles/#20/LR1865SZ_first20cycles201201_001_7.xlsx,记录表.Test_Time(s),object,322270,322270,0,,,other
kw34hhw7xg-3/Cycled with Arbitrary Uses Profiles/#20/LR1865SZ_first20cycles201201_001_7.xlsx,记录表.Current(A),float64,322270,322270,0,,,current_or_rate_candidate
kw34hhw7xg-3/Cycled with Arbitrary Uses Profiles/#20/LR1865SZ_first20cycles201201_001_7.xlsx,记录表.Capacity(Ah),float64,322270,322270,0,,,capacity_candidate
kw34hhw7xg-3/Cycled with Arbitrary Uses Profiles/#20/LR1865SZ_first20cycles201201_001_7.xlsx,记录表.Voltage(V),float64,322270,322270,0,,,other
kw34hhw7xg-3/Cycled with Arbitrary Uses Profiles/#20/LR1865SZ_first20cycles201201_001_7.xlsx,记录表.Energy(Wh),float64,322270,322270,0,,,other
kw34hhw7xg-3/Cycled with Arbitrary Uses Profiles/#20/LR1865SZ_first20cycles201201_001_7.xlsx,记录表.Temperature(℃),float64,322270,322270,0,,,other
kw34hhw7xg-3/Cycled with Arbitrary Uses Profiles/#20/LR1865SZ_first20cycles201201_001_7.xlsx,记录表.Date_Time,datetime64[ns],322270,322270,,,,other
kw34hhw7xg-3/Cycled with Arbitrary Uses Profiles/#20/LR1865SZ_first20cycles201201_001_7.xlsx,记录表.Cycle_Index,int64,322270,322270,0,1.0,21.0,physical_cycle_candidate
kw34hhw7xg-3/Cycled with Arbitrary Uses Profiles/#21/LR1865SZ_cycles210116_001_7.xlsx,记录表.Data_Point,int64,234779,234779,0,,,other
kw34hhw7xg-3/Cycled with Arbitrary Uses Profiles/#21/LR1865SZ_cycles210116_001_7.xlsx,记录表.Test_Time(s),object,234779,234779,0,,,other
kw34hhw7xg-3/Cycled with Arbitrary Uses Profiles/#21/LR1865SZ_cycles210116_001_7.xlsx,记录表.Current(A),float64,234779,234779,0,,,current_or_rate_candidate
kw34hhw7xg-3/Cycled with Arbitrary Uses Profiles/#21/LR1865SZ_cycles210116_001_7.xlsx,记录表.Capacity(Ah),float64,234779,234779,0,,,capacity_candidate
kw34hhw7xg-3/Cycled with Arbitrary Uses Profiles/#21/LR1865SZ_cycles210116_001_7.xlsx,记录表.Voltage(V),float64,234779,234779,0,,,other
kw34hhw7xg-3/Cycled with Arbitrary Uses Profiles/#21/LR1865SZ_cycles210116_001_7.xlsx,记录表.Energy(Wh),float64,234779,234779,0,,,other
kw34hhw7xg-3/Cycled with Arbitrary Uses Profiles/#21/LR1865SZ_cycles210116_001_7.xlsx,记录表.Temperature(℃),float64,234779,234779,0,,,other
kw34hhw7xg-3/Cycled with Arbitrary Uses Profiles/#21/LR1865SZ_cycles210116_001_7.xlsx,记录表.Date_Time,datetime64[ns],234779,234779,,,,other
kw34hhw7xg-3/Cycled with Arbitrary Uses Profiles/#21/LR1865SZ_cycles210116_001_7.xlsx,记录表.Cycle_Index,int64,234779,234779,0,1.0,101.0,physical_cycle_candidate
kw34hhw7xg-3/Cycled with Arbitrary Uses Profiles/#21/LR1865SZ_first20cycle210112_001_7.xlsx,记录表.Data_Point,int64,320485,320485,0,,,other
kw34hhw7xg-3/Cycled with Arbitrary Uses Profiles/#21/LR1865SZ_first20cycle210112_001_7.xlsx,记录表.Test_Time(s),object,320485,320485,0,,,other
kw34hhw7xg-3/Cycled with Arbitrary Uses Profiles/#21/LR1865SZ_first20cycle210112_001_7.xlsx,记录表.Current(A),float64,320485,320485,0,,,current_or_rate_candidate
kw34hhw7xg-3/Cycled with Arbitrary Uses Profiles/#21/LR1865SZ_first20cycle210112_001_7.xlsx,记录表.Capacity(Ah),float64,320485,320485,0,,,capacity_candidate
kw34hhw7xg-3/Cycled with Arbitrary Uses Profiles/#21/LR1865SZ_first20cycle210112_001_7.xlsx,记录表.Voltage(V),float64,320485,320485,0,,,other
kw34hhw7xg-3/Cycled with Arbitrary Uses Profiles/#21/LR1865SZ_first20cycle210112_001_7.xlsx,记录表.Energy(Wh),float64,320485,320485,0,,,other
kw34hhw7xg-3/Cycled with Arbitrary Uses Profiles/#21/LR1865SZ_first20cycle210112_001_7.xlsx,记录表.Temperature(℃),float64,320485,320485,0,,,other
kw34hhw7xg-3/Cycled with Arbitrary Uses Profiles/#21/LR1865SZ_first20cycle210112_001_7.xlsx,记录表.Date_Time,datetime64[ns],320485,320485,,,,other
kw34hhw7xg-3/Cycled with Arbitrary Uses Profiles/#21/LR1865SZ_first20cycle210112_001_7.xlsx,记录表.Cycle_Index,int64,320485,320485,0,1.0,21.0,physical_cycle_candidate
kw34hhw7xg-3/Cycled with Arbitrary Uses Profiles/#24/LR1865SZ_cycles210108_002_1.xlsx,记录表.Data_Point,int64,235592,235592,0,,,other
kw34hhw7xg-3/Cycled with Arbitrary Uses Profiles/#24/LR1865SZ_cycles210108_002_1.xlsx,记录表.Test_Time(s),object,235592,235592,0,,,other
kw34hhw7xg-3/Cycled with Arbitrary Uses Profiles/#24/LR1865SZ_cycles210108_002_1.xlsx,记录表.Current(A),float64,235592,235592,0,,,current_or_rate_candidate
kw34hhw7xg-3/Cycled with Arbitrary Uses Profiles/#24/LR1865SZ_cycles210108_002_1.xlsx,记录表.Capacity(Ah),float64,235592,235592,0,,,capacity_candidate
kw34hhw7xg-3/Cycled with Arbitrary Uses Profiles/#24/LR1865SZ_cycles210108_002_1.xlsx,记录表.Voltage(V),float64,235592,235592,0,,,other
kw34hhw7xg-3/Cycled with Arbitrary Uses Profiles/#24/LR1865SZ_cycles210108_002_1.xlsx,记录表.Energy(Wh),float64,235592,235592,0,,,other
kw34hhw7xg-3/Cycled with Arbitrary Uses Profiles/#24/LR1865SZ_cycles210108_002_1.xlsx,记录表.Temperature(℃),float64,235592,235592,0,,,other
kw34hhw7xg-3/Cycled with Arbitrary Uses Profiles/#24/LR1865SZ_cycles210108_002_1.xlsx,记录表.Date_Time,datetime64[ns],235592,235592,,,,other
kw34hhw7xg-3/Cycled with Arbitrary Uses Profiles/#24/LR1865SZ_cycles210108_002_1.xlsx,记录表.Cycle_Index,int64,235592,235592,0,1.0,101.0,physical_cycle_candidate
kw34hhw7xg-3/Cycled with Arbitrary Uses Profiles/#24/LR1865SZ_first20cycle210104_002_1.xlsx,记录表.Data_Point,int64,320250,320250,0,,,other
kw34hhw7xg-3/Cycled with Arbitrary Uses Profiles/#24/LR1865SZ_first20cycle210104_002_1.xlsx,记录表.Test_Time(s),object,320250,320250,0,,,other
kw34hhw7xg-3/Cycled with Arbitrary Uses Profiles/#24/LR1865SZ_first20cycle210104_002_1.xlsx,记录表.Current(A),float64,320250,320250,0,,,current_or_rate_candidate
kw34hhw7xg-3/Cycled with Arbitrary Uses Profiles/#24/LR1865SZ_first20cycle210104_002_1.xlsx,记录表.Capacity(Ah),float64,320250,320250,0,,,capacity_candidate
kw34hhw7xg-3/Cycled with Arbitrary Uses Profiles/#24/LR1865SZ_first20cycle210104_002_1.xlsx,记录表.Voltage(V),float64,320250,320250,0,,,other
kw34hhw7xg-3/Cycled with Arbitrary Uses Profiles/#24/LR1865SZ_first20cycle210104_002_1.xlsx,记录表.Energy(Wh),float64,320250,320250,0,,,other
kw34hhw7xg-3/Cycled with Arbitrary Uses Profiles/#24/LR1865SZ_first20cycle210104_002_1.xlsx,记录表.Temperature(℃),float64,320250,320250,0,,,other
kw34hhw7xg-3/Cycled with Arbitrary Uses Profiles/#24/LR1865SZ_first20cycle210104_002_1.xlsx,记录表.Date_Time,datetime64[ns],320250,320250,,,,other
kw34hhw7xg-3/Cycled with Arbitrary Uses Profiles/#24/LR1865SZ_first20cycle210104_002_1.xlsx,记录表.Cycle_Index,int64,320250,320250,0,1.0,21.0,physical_cycle_candidate
kw34hhw7xg-3/Cycled with Arbitrary Uses Profiles/#25/LR1865SZ_cycles210120_002_2.xlsx,记录表.Data_Point,int64,280394,280394,0,,,other
kw34hhw7xg-3/Cycled with Arbitrary Uses Profiles/#25/LR1865SZ_cycles210120_002_2.xlsx,记录表.Test_Time(s),object,280394,280394,0,,,other
kw34hhw7xg-3/Cycled with Arbitrary Uses Profiles/#25/LR1865SZ_cycles210120_002_2.xlsx,记录表.Current(A),float64,280394,280394,0,,,current_or_rate_candidate
kw34hhw7xg-3/Cycled with Arbitrary Uses Profiles/#25/LR1865SZ_cycles210120_002_2.xlsx,记录表.Capacity(Ah),float64,280394,280394,0,,,capacity_candidate
kw34hhw7xg-3/Cycled with Arbitrary Uses Profiles/#25/LR1865SZ_cycles210120_002_2.xlsx,记录表.Voltage(V),float64,280394,280394,0,,,other
kw34hhw7xg-3/Cycled with Arbitrary Uses Profiles/#25/LR1865SZ_cycles210120_002_2.xlsx,记录表.Energy(Wh),float64,280394,280394,0,,,other
kw34hhw7xg-3/Cycled with Arbitrary Uses Profiles/#25/LR1865SZ_cycles210120_002_2.xlsx,记录表.Temperature(℃),float64,280394,280394,0,,,other
kw34hhw7xg-3/Cycled with Arbitrary Uses Profiles/#25/LR1865SZ_cycles210120_002_2.xlsx,记录表.Date_Time,datetime64[ns],280394,280394,,,,other
kw34hhw7xg-3/Cycled with Arbitrary Uses Profiles/#25/LR1865SZ_cycles210120_002_2.xlsx,记录表.Cycle_Index,int64,280394,280394,0,1.0,101.0,physical_cycle_candidate
kw34hhw7xg-3/Cycled with Arbitrary Uses Profiles/#25/LR1865SZ_first20cycle210116_002_2.xlsx,记录表.Data_Point,int64,319969,319969,0,,,other
kw34hhw7xg-3/Cycled with Arbitrary Uses Profiles/#25/LR1865SZ_first20cycle210116_002_2.xlsx,记录表.Test_Time(s),object,319969,319969,0,,,other
kw34hhw7xg-3/Cycled with Arbitrary Uses Profiles/#25/LR1865SZ_first20cycle210116_002_2.xlsx,记录表.Current(A),float64,319969,319969,0,,,current_or_rate_candidate
kw34hhw7xg-3/Cycled with Arbitrary Uses Profiles/#25/LR1865SZ_first20cycle210116_002_2.xlsx,记录表.Capacity(Ah),float64,319969,319969,0,,,capacity_candidate
kw34hhw7xg-3/Cycled with Arbitrary Uses Profiles/#25/LR1865SZ_first20cycle210116_002_2.xlsx,记录表.Voltage(V),float64,319969,319969,0,,,other
kw34hhw7xg-3/Cycled with Arbitrary Uses Profiles/#25/LR1865SZ_first20cycle210116_002_2.xlsx,记录表.Energy(Wh),float64,319969,319969,0,,,other
kw34hhw7xg-3/Cycled with Arbitrary Uses Profiles/#25/LR1865SZ_first20cycle210116_002_2.xlsx,记录表.Temperature(℃),float64,319969,319969,0,,,other
kw34hhw7xg-3/Cycled with Arbitrary Uses Profiles/#25/LR1865SZ_first20cycle210116_002_2.xlsx,记录表.Date_Time,datetime64[ns],319969,319969,,,,other
kw34hhw7xg-3/Cycled with Arbitrary Uses Profiles/#25/LR1865SZ_first20cycle210116_002_2.xlsx,记录表.Cycle_Index,int64,319969,319969,0,1.0,21.0,physical_cycle_candidate
kw34hhw7xg-3/Cycled with Arbitrary Uses Profiles/#27/LR1865SZ_cycles201226_002_2.xlsx,记录表.Data_Point,int64,274723,274723,0,,,other
kw34hhw7xg-3/Cycled with Arbitrary Uses Profiles/#27/LR1865SZ_cycles201226_002_2.xlsx,记录表.Test_Time(s),object,274723,274723,0,,,other
kw34hhw7xg-3/Cycled with Arbitrary Uses Profiles/#27/LR1865SZ_cycles201226_002_2.xlsx,记录表.Current(A),float64,274723,274723,0,,,current_or_rate_candidate
kw34hhw7xg-3/Cycled with Arbitrary Uses Profiles/#27/LR1865SZ_cycles201226_002_2.xlsx,记录表.Capacity(Ah),float64,274723,274723,0,,,capacity_candidate
kw34hhw7xg-3/Cycled with Arbitrary Uses Profiles/#27/LR1865SZ_cycles201226_002_2.xlsx,记录表.Voltage(V),float64,274723,274723,0,,,other
kw34hhw7xg-3/Cycled with Arbitrary Uses Profiles/#27/LR1865SZ_cycles201226_002_2.xlsx,记录表.Energy(Wh),float64,274723,274723,0,,,other
kw34hhw7xg-3/Cycled with Arbitrary Uses Profiles/#27/LR1865SZ_cycles201226_002_2.xlsx,记录表.Temperature(℃),float64,274723,274723,0,,,other
kw34hhw7xg-3/Cycled with Arbitrary Uses Profiles/#27/LR1865SZ_cycles201226_002_2.xlsx,记录表.Date_Time,datetime64[ns],274723,274723,,,,other
kw34hhw7xg-3/Cycled with Arbitrary Uses Profiles/#27/LR1865SZ_cycles201226_002_2.xlsx,记录表.Cycle_Index,int64,274723,274723,0,1.0,101.0,physical_cycle_candidate
kw34hhw7xg-3/Cycled with Arbitrary Uses Profiles/#27/LR1865SZ_first20cycle201222_002_2.xlsx,记录表.Data_Point,int64,319173,319173,0,,,other
kw34hhw7xg-3/Cycled with Arbitrary Uses Profiles/#27/LR1865SZ_first20cycle201222_002_2.xlsx,记录表.Test_Time(s),object,319173,319173,0,,,other
kw34hhw7xg-3/Cycled with Arbitrary Uses Profiles/#27/LR1865SZ_first20cycle201222_002_2.xlsx,记录表.Current(A),float64,319173,319173,0,,,current_or_rate_candidate
kw34hhw7xg-3/Cycled with Arbitrary Uses Profiles/#27/LR1865SZ_first20cycle201222_002_2.xlsx,记录表.Capacity(Ah),float64,319173,319173,0,,,capacity_candidate
kw34hhw7xg-3/Cycled with Arbitrary Uses Profiles/#27/LR1865SZ_first20cycle201222_002_2.xlsx,记录表.Voltage(V),float64,319173,319173,0,,,other
kw34hhw7xg-3/Cycled with Arbitrary Uses Profiles/#27/LR1865SZ_first20cycle201222_002_2.xlsx,记录表.Energy(Wh),float64,319173,319173,0,,,other
kw34hhw7xg-3/Cycled with Arbitrary Uses Profiles/#27/LR1865SZ_first20cycle201222_002_2.xlsx,记录表.Temperature(℃),float64,319173,319173,0,,,other
kw34hhw7xg-3/Cycled with Arbitrary Uses Profiles/#27/LR1865SZ_first20cycle201222_002_2.xlsx,记录表.Date_Time,datetime64[ns],319173,319173,,,,other
kw34hhw7xg-3/Cycled with Arbitrary Uses Profiles/#27/LR1865SZ_first20cycle201222_002_2.xlsx,记录表.Cycle_Index,int64,319173,319173,0,1.0,21.0,physical_cycle_candidate
kw34hhw7xg-3/Cycled with Arbitrary Uses Profiles/#28/LR1865SZ_cycles210108_002_2.xlsx,记录表.Data_Point,int64,238480,238480,0,,,other
kw34hhw7xg-3/Cycled with Arbitrary Uses Profiles/#28/LR1865SZ_cycles210108_002_2.xlsx,记录表.Test_Time(s),object,238480,238480,0,,,other
kw34hhw7xg-3/Cycled with Arbitrary Uses Profiles/#28/LR1865SZ_cycles210108_002_2.xlsx,记录表.Current(A),float64,238480,238480,0,,,current_or_rate_candidate
kw34hhw7xg-3/Cycled with Arbitrary Uses Profiles/#28/LR1865SZ_cycles210108_002_2.xlsx,记录表.Capacity(Ah),float64,238480,238480,0,,,capacity_candidate
kw34hhw7xg-3/Cycled with Arbitrary Uses Profiles/#28/LR1865SZ_cycles210108_002_2.xlsx,记录表.Voltage(V),float64,238480,238480,0,,,other
kw34hhw7xg-3/Cycled with Arbitrary Uses Profiles/#28/LR1865SZ_cycles210108_002_2.xlsx,记录表.Energy(Wh),float64,238480,238480,0,,,other
kw34hhw7xg-3/Cycled with Arbitrary Uses Profiles/#28/LR1865SZ_cycles210108_002_2.xlsx,记录表.Temperature(℃),float64,238480,238480,0,,,other
kw34hhw7xg-3/Cycled with Arbitrary Uses Profiles/#28/LR1865SZ_cycles210108_002_2.xlsx,记录表.Date_Time,datetime64[ns],238480,238480,,,,other
kw34hhw7xg-3/Cycled with Arbitrary Uses Profiles/#28/LR1865SZ_cycles210108_002_2.xlsx,记录表.Cycle_Index,int64,238480,238480,0,1.0,101.0,physical_cycle_candidate
kw34hhw7xg-3/Cycled with Arbitrary Uses Profiles/#28/LR1865SZ_first20cycle210104_002_2.xlsx,记录表.Data_Point,int64,323031,323031,0,,,other
kw34hhw7xg-3/Cycled with Arbitrary Uses Profiles/#28/LR1865SZ_first20cycle210104_002_2.xlsx,记录表.Test_Time(s),object,323031,323031,0,,,other
kw34hhw7xg-3/Cycled with Arbitrary Uses Profiles/#28/LR1865SZ_first20cycle210104_002_2.xlsx,记录表.Current(A),float64,323031,323031,0,,,current_or_rate_candidate
kw34hhw7xg-3/Cycled with Arbitrary Uses Profiles/#28/LR1865SZ_first20cycle210104_002_2.xlsx,记录表.Capacity(Ah),float64,323031,323031,0,,,capacity_candidate
kw34hhw7xg-3/Cycled with Arbitrary Uses Profiles/#28/LR1865SZ_first20cycle210104_002_2.xlsx,记录表.Voltage(V),float64,323031,323031,0,,,other
kw34hhw7xg-3/Cycled with Arbitrary Uses Profiles/#28/LR1865SZ_first20cycle210104_002_2.xlsx,记录表.Energy(Wh),float64,323031,323031,0,,,other
kw34hhw7xg-3/Cycled with Arbitrary Uses Profiles/#28/LR1865SZ_first20cycle210104_002_2.xlsx,记录表.Temperature(℃),float64,323031,323031,0,,,other
kw34hhw7xg-3/Cycled with Arbitrary Uses Profiles/#28/LR1865SZ_first20cycle210104_002_2.xlsx,记录表.Date_Time,datetime64[ns],323031,323031,,,,other
kw34hhw7xg-3/Cycled with Arbitrary Uses Profiles/#28/LR1865SZ_first20cycle210104_002_2.xlsx,记录表.Cycle_Index,int64,323031,323031,0,1.0,21.0,physical_cycle_candidate
kw34hhw7xg-3/Cycled with Arbitrary Uses Profiles/#3/LR1865SZ_cycles201228_001_1.xlsx,记录表.Data_Point,int64,208393,208393,0,,,other
kw34hhw7xg-3/Cycled with Arbitrary Uses Profiles/#3/LR1865SZ_cycles201228_001_1.xlsx,记录表.Test_Time(s),object,208393,208393,0,,,other
kw34hhw7xg-3/Cycled with Arbitrary Uses Profiles/#3/LR1865SZ_cycles201228_001_1.xlsx,记录表.Current(A),float64,208393,208393,0,,,current_or_rate_candidate
kw34hhw7xg-3/Cycled with Arbitrary Uses Profiles/#3/LR1865SZ_cycles201228_001_1.xlsx,记录表.Capacity(Ah),float64,208393,208393,0,,,capacity_candidate
kw34hhw7xg-3/Cycled with Arbitrary Uses Profiles/#3/LR1865SZ_cycles201228_001_1.xlsx,记录表.Voltage(V),float64,208393,208393,0,,,other
kw34hhw7xg-3/Cycled with Arbitrary Uses Profiles/#3/LR1865SZ_cycles201228_001_1.xlsx,记录表.Energy(Wh),float64,208393,208393,0,,,other
kw34hhw7xg-3/Cycled with Arbitrary Uses Profiles/#3/LR1865SZ_cycles201228_001_1.xlsx,记录表.Temperature(℃),float64,208393,208393,0,,,other
kw34hhw7xg-3/Cycled with Arbitrary Uses Profiles/#3/LR1865SZ_cycles201228_001_1.xlsx,记录表.Date_Time,datetime64[ns],208393,208393,,,,other
kw34hhw7xg-3/Cycled with Arbitrary Uses Profiles/#3/LR1865SZ_cycles201228_001_1.xlsx,记录表.Cycle_Index,int64,208393,208393,0,1.0,101.0,physical_cycle_candidate
kw34hhw7xg-3/Cycled with Arbitrary Uses Profiles/#3/LR1865SZ_first20cycle201224_001_1.xlsx,记录表.Data_Point,int64,314621,314621,0,,,other
kw34hhw7xg-3/Cycled with Arbitrary Uses Profiles/#3/LR1865SZ_first20cycle201224_001_1.xlsx,记录表.Test_Time(s),object,314621,314621,0,,,other
kw34hhw7xg-3/Cycled with Arbitrary Uses Profiles/#3/LR1865SZ_first20cycle201224_001_1.xlsx,记录表.Current(A),float64,314621,314621,0,,,current_or_rate_candidate
kw34hhw7xg-3/Cycled with Arbitrary Uses Profiles/#3/LR1865SZ_first20cycle201224_001_1.xlsx,记录表.Capacity(Ah),float64,314621,314621,0,,,capacity_candidate
kw34hhw7xg-3/Cycled with Arbitrary Uses Profiles/#3/LR1865SZ_first20cycle201224_001_1.xlsx,记录表.Voltage(V),float64,314621,314621,0,,,other
kw34hhw7xg-3/Cycled with Arbitrary Uses Profiles/#3/LR1865SZ_first20cycle201224_001_1.xlsx,记录表.Energy(Wh),float64,314621,314621,0,,,other
kw34hhw7xg-3/Cycled with Arbitrary Uses Profiles/#3/LR1865SZ_first20cycle201224_001_1.xlsx,记录表.Temperature(℃),float64,314621,314621,0,,,other
kw34hhw7xg-3/Cycled with Arbitrary Uses Profiles/#3/LR1865SZ_first20cycle201224_001_1.xlsx,记录表.Date_Time,datetime64[ns],314621,314621,,,,other
kw34hhw7xg-3/Cycled with Arbitrary Uses Profiles/#3/LR1865SZ_first20cycle201224_001_1.xlsx,记录表.Cycle_Index,int64,314621,314621,0,1.0,21.0,physical_cycle_candidate
kw34hhw7xg-3/Cycled with Arbitrary Uses Profiles/#30/LR1865SZ_cycles201226_002_3.xlsx,记录表.Data_Point,int64,273980,273980,0,,,other
kw34hhw7xg-3/Cycled with Arbitrary Uses Profiles/#30/LR1865SZ_cycles201226_002_3.xlsx,记录表.Test_Time(s),object,273980,273980,0,,,other
kw34hhw7xg-3/Cycled with Arbitrary Uses Profiles/#30/LR1865SZ_cycles201226_002_3.xlsx,记录表.Current(A),float64,273980,273980,0,,,current_or_rate_candidate
kw34hhw7xg-3/Cycled with Arbitrary Uses Profiles/#30/LR1865SZ_cycles201226_002_3.xlsx,记录表.Capacity(Ah),float64,273980,273980,0,,,capacity_candidate
kw34hhw7xg-3/Cycled with Arbitrary Uses Profiles/#30/LR1865SZ_cycles201226_002_3.xlsx,记录表.Voltage(V),float64,273980,273980,0,,,other
kw34hhw7xg-3/Cycled with Arbitrary Uses Profiles/#30/LR1865SZ_cycles201226_002_3.xlsx,记录表.Energy(Wh),float64,273980,273980,0,,,other
kw34hhw7xg-3/Cycled with Arbitrary Uses Profiles/#30/LR1865SZ_cycles201226_002_3.xlsx,记录表.Temperature(℃),float64,273980,273980,0,,,other
kw34hhw7xg-3/Cycled with Arbitrary Uses Profiles/#30/LR1865SZ_cycles201226_002_3.xlsx,记录表.Date_Time,datetime64[ns],273980,273980,,,,other
kw34hhw7xg-3/Cycled with Arbitrary Uses Profiles/#30/LR1865SZ_cycles201226_002_3.xlsx,记录表.Cycle_Index,int64,273980,273980,0,1.0,101.0,physical_cycle_candidate
kw34hhw7xg-3/Cycled with Arbitrary Uses Profiles/#30/LR1865SZ_first20cycle201222_002_3.xlsx,记录表.Data_Point,int64,316903,316903,0,,,other
kw34hhw7xg-3/Cycled with Arbitrary Uses Profiles/#30/LR1865SZ_first20cycle201222_002_3.xlsx,记录表.Test_Time(s),object,316903,316903,0,,,other
kw34hhw7xg-3/Cycled with Arbitrary Uses Profiles/#30/LR1865SZ_first20cycle201222_002_3.xlsx,记录表.Current(A),float64,316903,316903,0,,,current_or_rate_candidate
kw34hhw7xg-3/Cycled with Arbitrary Uses Profiles/#30/LR1865SZ_first20cycle201222_002_3.xlsx,记录表.Capacity(Ah),float64,316903,316903,0,,,capacity_candidate
kw34hhw7xg-3/Cycled with Arbitrary Uses Profiles/#30/LR1865SZ_first20cycle201222_002_3.xlsx,记录表.Voltage(V),float64,316903,316903,0,,,other
kw34hhw7xg-3/Cycled with Arbitrary Uses Profiles/#30/LR1865SZ_first20cycle201222_002_3.xlsx,记录表.Energy(Wh),float64,316903,316903,0,,,other
kw34hhw7xg-3/Cycled with Arbitrary Uses Profiles/#30/LR1865SZ_first20cycle201222_002_3.xlsx,记录表.Temperature(℃),float64,316903,316903,0,,,other
kw34hhw7xg-3/Cycled with Arbitrary Uses Profiles/#30/LR1865SZ_first20cycle201222_002_3.xlsx,记录表.Date_Time,datetime64[ns],316903,316903,,,,other
kw34hhw7xg-3/Cycled with Arbitrary Uses Profiles/#30/LR1865SZ_first20cycle201222_002_3.xlsx,记录表.Cycle_Index,int64,316903,316903,0,1.0,21.0,physical_cycle_candidate
kw34hhw7xg-3/Cycled with Arbitrary Uses Profiles/#31/LR1865SZ_cycles210107_002_3.xlsx,记录表.Data_Point,int64,231972,231972,0,,,other
kw34hhw7xg-3/Cycled with Arbitrary Uses Profiles/#31/LR1865SZ_cycles210107_002_3.xlsx,记录表.Test_Time(s),object,231972,231972,0,,,other
kw34hhw7xg-3/Cycled with Arbitrary Uses Profiles/#31/LR1865SZ_cycles210107_002_3.xlsx,记录表.Current(A),float64,231972,231972,0,,,current_or_rate_candidate
kw34hhw7xg-3/Cycled with Arbitrary Uses Profiles/#31/LR1865SZ_cycles210107_002_3.xlsx,记录表.Capacity(Ah),float64,231972,231972,0,,,capacity_candidate
kw34hhw7xg-3/Cycled with Arbitrary Uses Profiles/#31/LR1865SZ_cycles210107_002_3.xlsx,记录表.Voltage(V),float64,231972,231972,0,,,other
kw34hhw7xg-3/Cycled with Arbitrary Uses Profiles/#31/LR1865SZ_cycles210107_002_3.xlsx,记录表.Energy(Wh),float64,231972,231972,0,,,other
kw34hhw7xg-3/Cycled with Arbitrary Uses Profiles/#31/LR1865SZ_cycles210107_002_3.xlsx,记录表.Temperature(℃),float64,231972,231972,0,,,other
kw34hhw7xg-3/Cycled with Arbitrary Uses Profiles/#31/LR1865SZ_cycles210107_002_3.xlsx,记录表.Date_Time,datetime64[ns],231972,231972,,,,other
kw34hhw7xg-3/Cycled with Arbitrary Uses Profiles/#31/LR1865SZ_cycles210107_002_3.xlsx,记录表.Cycle_Index,int64,231972,231972,0,1.0,101.0,physical_cycle_candidate
kw34hhw7xg-3/Cycled with Arbitrary Uses Profiles/#31/LR1865SZ_first20cycle210103_002_3.xlsx,记录表.Data_Point,int64,315079,315079,0,,,other
kw34hhw7xg-3/Cycled with Arbitrary Uses Profiles/#31/LR1865SZ_first20cycle210103_002_3.xlsx,记录表.Test_Time(s),object,315079,315079,0,,,other
kw34hhw7xg-3/Cycled with Arbitrary Uses Profiles/#31/LR1865SZ_first20cycle210103_002_3.xlsx,记录表.Current(A),float64,315079,315079,0,,,current_or_rate_candidate
kw34hhw7xg-3/Cycled with Arbitrary Uses Profiles/#31/LR1865SZ_first20cycle210103_002_3.xlsx,记录表.Capacity(Ah),float64,315079,315079,0,,,capacity_candidate
kw34hhw7xg-3/Cycled with Arbitrary Uses Profiles/#31/LR1865SZ_first20cycle210103_002_3.xlsx,记录表.Voltage(V),float64,315079,315079,0,,,other
kw34hhw7xg-3/Cycled with Arbitrary Uses Profiles/#31/LR1865SZ_first20cycle210103_002_3.xlsx,记录表.Energy(Wh),float64,315079,315079,0,,,other
kw34hhw7xg-3/Cycled with Arbitrary Uses Profiles/#31/LR1865SZ_first20cycle210103_002_3.xlsx,记录表.Temperature(℃),float64,315079,315079,0,,,other
kw34hhw7xg-3/Cycled with Arbitrary Uses Profiles/#31/LR1865SZ_first20cycle210103_002_3.xlsx,记录表.Date_Time,datetime64[ns],315079,315079,,,,other
kw34hhw7xg-3/Cycled with Arbitrary Uses Profiles/#31/LR1865SZ_first20cycle210103_002_3.xlsx,记录表.Cycle_Index,int64,315079,315079,0,1.0,21.0,physical_cycle_candidate
kw34hhw7xg-3/Cycled with Arbitrary Uses Profiles/#33/LR1865SZ_cycles210102_002_4.xlsx,记录表.Data_Point,int64,231092,231092,0,,,other
kw34hhw7xg-3/Cycled with Arbitrary Uses Profiles/#33/LR1865SZ_cycles210102_002_4.xlsx,记录表.Test_Time(s),object,231092,231092,0,,,other
kw34hhw7xg-3/Cycled with Arbitrary Uses Profiles/#33/LR1865SZ_cycles210102_002_4.xlsx,记录表.Current(A),float64,231092,231092,0,,,current_or_rate_candidate
kw34hhw7xg-3/Cycled with Arbitrary Uses Profiles/#33/LR1865SZ_cycles210102_002_4.xlsx,记录表.Capacity(Ah),float64,231092,231092,0,,,capacity_candidate
kw34hhw7xg-3/Cycled with Arbitrary Uses Profiles/#33/LR1865SZ_cycles210102_002_4.xlsx,记录表.Voltage(V),float64,231092,231092,0,,,other
kw34hhw7xg-3/Cycled with Arbitrary Uses Profiles/#33/LR1865SZ_cycles210102_002_4.xlsx,记录表.Energy(Wh),float64,231092,231092,0,,,other
kw34hhw7xg-3/Cycled with Arbitrary Uses Profiles/#33/LR1865SZ_cycles210102_002_4.xlsx,记录表.Temperature(℃),float64,231092,231092,0,,,other
kw34hhw7xg-3/Cycled with Arbitrary Uses Profiles/#33/LR1865SZ_cycles210102_002_4.xlsx,记录表.Date_Time,datetime64[ns],231092,231092,,,,other
kw34hhw7xg-3/Cycled with Arbitrary Uses Profiles/#33/LR1865SZ_cycles210102_002_4.xlsx,记录表.Cycle_Index,int64,231092,231092,0,1.0,101.0,physical_cycle_candidate
kw34hhw7xg-3/Cycled with Arbitrary Uses Profiles/#33/LR1865SZ_first20cycle201229_002_4.xlsx,记录表.Data_Point,int64,316490,316490,0,,,other
kw34hhw7xg-3/Cycled with Arbitrary Uses Profiles/#33/LR1865SZ_first20cycle201229_002_4.xlsx,记录表.Test_Time(s),object,316490,316490,0,,,other
kw34hhw7xg-3/Cycled with Arbitrary Uses Profiles/#33/LR1865SZ_first20cycle201229_002_4.xlsx,记录表.Current(A),float64,316490,316490,0,,,current_or_rate_candidate
kw34hhw7xg-3/Cycled with Arbitrary Uses Profiles/#33/LR1865SZ_first20cycle201229_002_4.xlsx,记录表.Capacity(Ah),float64,316490,316490,0,,,capacity_candidate
kw34hhw7xg-3/Cycled with Arbitrary Uses Profiles/#33/LR1865SZ_first20cycle201229_002_4.xlsx,记录表.Voltage(V),float64,316490,316490,0,,,other
kw34hhw7xg-3/Cycled with Arbitrary Uses Profiles/#33/LR1865SZ_first20cycle201229_002_4.xlsx,记录表.Energy(Wh),float64,316490,316490,0,,,other
kw34hhw7xg-3/Cycled with Arbitrary Uses Profiles/#33/LR1865SZ_first20cycle201229_002_4.xlsx,记录表.Temperature(℃),float64,316490,316490,0,,,other
kw34hhw7xg-3/Cycled with Arbitrary Uses Profiles/#33/LR1865SZ_first20cycle201229_002_4.xlsx,记录表.Date_Time,datetime64[ns],316490,316490,,,,other
kw34hhw7xg-3/Cycled with Arbitrary Uses Profiles/#33/LR1865SZ_first20cycle201229_002_4.xlsx,记录表.Cycle_Index,int64,316490,316490,0,1.0,21.0,physical_cycle_candidate
kw34hhw7xg-3/Cycled with Arbitrary Uses Profiles/#34/LR1865SZ_cycles210115_002_4.xlsx,记录表.Data_Point,int64,254316,254316,0,,,other
kw34hhw7xg-3/Cycled with Arbitrary Uses Profiles/#34/LR1865SZ_cycles210115_002_4.xlsx,记录表.Test_Time(s),object,254316,254316,0,,,other
kw34hhw7xg-3/Cycled with Arbitrary Uses Profiles/#34/LR1865SZ_cycles210115_002_4.xlsx,记录表.Current(A),float64,254316,254316,0,,,current_or_rate_candidate
kw34hhw7xg-3/Cycled with Arbitrary Uses Profiles/#34/LR1865SZ_cycles210115_002_4.xlsx,记录表.Capacity(Ah),float64,254316,254316,0,,,capacity_candidate
kw34hhw7xg-3/Cycled with Arbitrary Uses Profiles/#34/LR1865SZ_cycles210115_002_4.xlsx,记录表.Voltage(V),float64,254316,254316,0,,,other
kw34hhw7xg-3/Cycled with Arbitrary Uses Profiles/#34/LR1865SZ_cycles210115_002_4.xlsx,记录表.Energy(Wh),float64,254316,254316,0,,,other
kw34hhw7xg-3/Cycled with Arbitrary Uses Profiles/#34/LR1865SZ_cycles210115_002_4.xlsx,记录表.Temperature(℃),float64,254316,254316,0,,,other
kw34hhw7xg-3/Cycled with Arbitrary Uses Profiles/#34/LR1865SZ_cycles210115_002_4.xlsx,记录表.Date_Time,datetime64[ns],254316,254316,,,,other
kw34hhw7xg-3/Cycled with Arbitrary Uses Profiles/#34/LR1865SZ_cycles210115_002_4.xlsx,记录表.Cycle_Index,int64,254316,254316,0,1.0,101.0,physical_cycle_candidate
kw34hhw7xg-3/Cycled with Arbitrary Uses Profiles/#34/LR1865SZ_first20cycle210111_002_4.xlsx,记录表.Data_Point,int64,314749,314749,0,,,other
kw34hhw7xg-3/Cycled with Arbitrary Uses Profiles/#34/LR1865SZ_first20cycle210111_002_4.xlsx,记录表.Test_Time(s),object,314749,314749,0,,,other
kw34hhw7xg-3/Cycled with Arbitrary Uses Profiles/#34/LR1865SZ_first20cycle210111_002_4.xlsx,记录表.Current(A),float64,314749,314749,0,,,current_or_rate_candidate
kw34hhw7xg-3/Cycled with Arbitrary Uses Profiles/#34/LR1865SZ_first20cycle210111_002_4.xlsx,记录表.Capacity(Ah),float64,314749,314749,0,,,capacity_candidate
kw34hhw7xg-3/Cycled with Arbitrary Uses Profiles/#34/LR1865SZ_first20cycle210111_002_4.xlsx,记录表.Voltage(V),float64,314749,314749,0,,,other
kw34hhw7xg-3/Cycled with Arbitrary Uses Profiles/#34/LR1865SZ_first20cycle210111_002_4.xlsx,记录表.Energy(Wh),float64,314749,314749,0,,,other
kw34hhw7xg-3/Cycled with Arbitrary Uses Profiles/#34/LR1865SZ_first20cycle210111_002_4.xlsx,记录表.Temperature(℃),float64,314749,314749,0,,,other
kw34hhw7xg-3/Cycled with Arbitrary Uses Profiles/#34/LR1865SZ_first20cycle210111_002_4.xlsx,记录表.Date_Time,datetime64[ns],314749,314749,,,,other
kw34hhw7xg-3/Cycled with Arbitrary Uses Profiles/#34/LR1865SZ_first20cycle210111_002_4.xlsx,记录表.Cycle_Index,int64,314749,314749,0,1.0,21.0,physical_cycle_candidate
kw34hhw7xg-3/Cycled with Arbitrary Uses Profiles/#36/LR1865SZ_cycles210102_002_5.xlsx,记录表.Data_Point,int64,224257,224257,0,,,other
kw34hhw7xg-3/Cycled with Arbitrary Uses Profiles/#36/LR1865SZ_cycles210102_002_5.xlsx,记录表.Test_Time(s),object,224257,224257,0,,,other
kw34hhw7xg-3/Cycled with Arbitrary Uses Profiles/#36/LR1865SZ_cycles210102_002_5.xlsx,记录表.Current(A),float64,224257,224257,0,,,current_or_rate_candidate
kw34hhw7xg-3/Cycled with Arbitrary Uses Profiles/#36/LR1865SZ_cycles210102_002_5.xlsx,记录表.Capacity(Ah),float64,224257,224257,0,,,capacity_candidate
kw34hhw7xg-3/Cycled with Arbitrary Uses Profiles/#36/LR1865SZ_cycles210102_002_5.xlsx,记录表.Voltage(V),float64,224257,224257,0,,,other
kw34hhw7xg-3/Cycled with Arbitrary Uses Profiles/#36/LR1865SZ_cycles210102_002_5.xlsx,记录表.Energy(Wh),float64,224257,224257,0,,,other
kw34hhw7xg-3/Cycled with Arbitrary Uses Profiles/#36/LR1865SZ_cycles210102_002_5.xlsx,记录表.Temperature(℃),float64,224257,224257,0,,,other
kw34hhw7xg-3/Cycled with Arbitrary Uses Profiles/#36/LR1865SZ_cycles210102_002_5.xlsx,记录表.Date_Time,datetime64[ns],224257,224257,,,,other
kw34hhw7xg-3/Cycled with Arbitrary Uses Profiles/#36/LR1865SZ_cycles210102_002_5.xlsx,记录表.Cycle_Index,int64,224257,224257,0,1.0,101.0,physical_cycle_candidate
kw34hhw7xg-3/Cycled with Arbitrary Uses Profiles/#36/LR1865SZ_first20cycle201229_002_5.xlsx,记录表.Data_Point,int64,316556,316556,0,,,other
kw34hhw7xg-3/Cycled with Arbitrary Uses Profiles/#36/LR1865SZ_first20cycle201229_002_5.xlsx,记录表.Test_Time(s),object,316556,316556,0,,,other
kw34hhw7xg-3/Cycled with Arbitrary Uses Profiles/#36/LR1865SZ_first20cycle201229_002_5.xlsx,记录表.Current(A),float64,316556,316556,0,,,current_or_rate_candidate
kw34hhw7xg-3/Cycled with Arbitrary Uses Profiles/#36/LR1865SZ_first20cycle201229_002_5.xlsx,记录表.Capacity(Ah),float64,316556,316556,0,,,capacity_candidate
kw34hhw7xg-3/Cycled with Arbitrary Uses Profiles/#36/LR1865SZ_first20cycle201229_002_5.xlsx,记录表.Voltage(V),float64,316556,316556,0,,,other
kw34hhw7xg-3/Cycled with Arbitrary Uses Profiles/#36/LR1865SZ_first20cycle201229_002_5.xlsx,记录表.Energy(Wh),float64,316556,316556,0,,,other
kw34hhw7xg-3/Cycled with Arbitrary Uses Profiles/#36/LR1865SZ_first20cycle201229_002_5.xlsx,记录表.Temperature(℃),float64,316556,316556,0,,,other
kw34hhw7xg-3/Cycled with Arbitrary Uses Profiles/#36/LR1865SZ_first20cycle201229_002_5.xlsx,记录表.Date_Time,datetime64[ns],316556,316556,,,,other
kw34hhw7xg-3/Cycled with Arbitrary Uses Profiles/#36/LR1865SZ_first20cycle201229_002_5.xlsx,记录表.Cycle_Index,int64,316556,316556,0,1.0,21.0,physical_cycle_candidate
kw34hhw7xg-3/Cycled with Arbitrary Uses Profiles/#37/LR1865SZ_cycles210115_002_5.xlsx,记录表.Data_Point,int64,259436,259436,0,,,other
kw34hhw7xg-3/Cycled with Arbitrary Uses Profiles/#37/LR1865SZ_cycles210115_002_5.xlsx,记录表.Test_Time(s),object,259436,259436,0,,,other
kw34hhw7xg-3/Cycled with Arbitrary Uses Profiles/#37/LR1865SZ_cycles210115_002_5.xlsx,记录表.Current(A),float64,259436,259436,0,,,current_or_rate_candidate
kw34hhw7xg-3/Cycled with Arbitrary Uses Profiles/#37/LR1865SZ_cycles210115_002_5.xlsx,记录表.Capacity(Ah),float64,259436,259436,0,,,capacity_candidate
kw34hhw7xg-3/Cycled with Arbitrary Uses Profiles/#37/LR1865SZ_cycles210115_002_5.xlsx,记录表.Voltage(V),float64,259436,259436,0,,,other
kw34hhw7xg-3/Cycled with Arbitrary Uses Profiles/#37/LR1865SZ_cycles210115_002_5.xlsx,记录表.Energy(Wh),float64,259436,259436,0,,,other
kw34hhw7xg-3/Cycled with Arbitrary Uses Profiles/#37/LR1865SZ_cycles210115_002_5.xlsx,记录表.Temperature(℃),float64,259436,259436,0,,,other
kw34hhw7xg-3/Cycled with Arbitrary Uses Profiles/#37/LR1865SZ_cycles210115_002_5.xlsx,记录表.Date_Time,datetime64[ns],259436,259436,,,,other
kw34hhw7xg-3/Cycled with Arbitrary Uses Profiles/#37/LR1865SZ_cycles210115_002_5.xlsx,记录表.Cycle_Index,int64,259436,259436,0,1.0,101.0,physical_cycle_candidate
kw34hhw7xg-3/Cycled with Arbitrary Uses Profiles/#37/LR1865SZ_first20cycle210111_002_5.xlsx,记录表.Data_Point,int64,310621,310621,0,,,other
kw34hhw7xg-3/Cycled with Arbitrary Uses Profiles/#37/LR1865SZ_first20cycle210111_002_5.xlsx,记录表.Test_Time(s),object,310621,310621,0,,,other
kw34hhw7xg-3/Cycled with Arbitrary Uses Profiles/#37/LR1865SZ_first20cycle210111_002_5.xlsx,记录表.Current(A),float64,310621,310621,0,,,current_or_rate_candidate
kw34hhw7xg-3/Cycled with Arbitrary Uses Profiles/#37/LR1865SZ_first20cycle210111_002_5.xlsx,记录表.Capacity(Ah),float64,310621,310621,0,,,capacity_candidate
kw34hhw7xg-3/Cycled with Arbitrary Uses Profiles/#37/LR1865SZ_first20cycle210111_002_5.xlsx,记录表.Voltage(V),float64,310621,310621,0,,,other
kw34hhw7xg-3/Cycled with Arbitrary Uses Profiles/#37/LR1865SZ_first20cycle210111_002_5.xlsx,记录表.Energy(Wh),float64,310621,310621,0,,,other
kw34hhw7xg-3/Cycled with Arbitrary Uses Profiles/#37/LR1865SZ_first20cycle210111_002_5.xlsx,记录表.Temperature(℃),float64,310621,310621,0,,,other
kw34hhw7xg-3/Cycled with Arbitrary Uses Profiles/#37/LR1865SZ_first20cycle210111_002_5.xlsx,记录表.Date_Time,datetime64[ns],310621,310621,,,,other
kw34hhw7xg-3/Cycled with Arbitrary Uses Profiles/#37/LR1865SZ_first20cycle210111_002_5.xlsx,记录表.Cycle_Index,int64,310621,310621,0,1.0,21.0,physical_cycle_candidate
kw34hhw7xg-3/Cycled with Arbitrary Uses Profiles/#39/LR1865SZ_cycles210103_002_6.xlsx,记录表.Data_Point,int64,216719,216719,0,,,other
kw34hhw7xg-3/Cycled with Arbitrary Uses Profiles/#39/LR1865SZ_cycles210103_002_6.xlsx,记录表.Test_Time(s),object,216719,216719,0,,,other
kw34hhw7xg-3/Cycled with Arbitrary Uses Profiles/#39/LR1865SZ_cycles210103_002_6.xlsx,记录表.Current(A),float64,216719,216719,0,,,current_or_rate_candidate
kw34hhw7xg-3/Cycled with Arbitrary Uses Profiles/#39/LR1865SZ_cycles210103_002_6.xlsx,记录表.Capacity(Ah),float64,216719,216719,0,,,capacity_candidate
kw34hhw7xg-3/Cycled with Arbitrary Uses Profiles/#39/LR1865SZ_cycles210103_002_6.xlsx,记录表.Voltage(V),float64,216719,216719,0,,,other
kw34hhw7xg-3/Cycled with Arbitrary Uses Profiles/#39/LR1865SZ_cycles210103_002_6.xlsx,记录表.Energy(Wh),float64,216719,216719,0,,,other
kw34hhw7xg-3/Cycled with Arbitrary Uses Profiles/#39/LR1865SZ_cycles210103_002_6.xlsx,记录表.Temperature(℃),float64,216719,216719,0,,,other
kw34hhw7xg-3/Cycled with Arbitrary Uses Profiles/#39/LR1865SZ_cycles210103_002_6.xlsx,记录表.Date_Time,datetime64[ns],216719,216719,,,,other
kw34hhw7xg-3/Cycled with Arbitrary Uses Profiles/#39/LR1865SZ_cycles210103_002_6.xlsx,记录表.Cycle_Index,int64,216719,216719,0,1.0,101.0,physical_cycle_candidate
kw34hhw7xg-3/Cycled with Arbitrary Uses Profiles/#39/LR1865SZ_first20cycle201230_002_6.xlsx,记录表.Data_Point,int64,325078,325078,0,,,other
kw34hhw7xg-3/Cycled with Arbitrary Uses Profiles/#39/LR1865SZ_first20cycle201230_002_6.xlsx,记录表.Test_Time(s),object,325078,325078,0,,,other
kw34hhw7xg-3/Cycled with Arbitrary Uses Profiles/#39/LR1865SZ_first20cycle201230_002_6.xlsx,记录表.Current(A),float64,325078,325078,0,,,current_or_rate_candidate
kw34hhw7xg-3/Cycled with Arbitrary Uses Profiles/#39/LR1865SZ_first20cycle201230_002_6.xlsx,记录表.Capacity(Ah),float64,325078,325078,0,,,capacity_candidate
kw34hhw7xg-3/Cycled with Arbitrary Uses Profiles/#39/LR1865SZ_first20cycle201230_002_6.xlsx,记录表.Voltage(V),float64,325078,325078,0,,,other
kw34hhw7xg-3/Cycled with Arbitrary Uses Profiles/#39/LR1865SZ_first20cycle201230_002_6.xlsx,记录表.Energy(Wh),float64,325078,325078,0,,,other
kw34hhw7xg-3/Cycled with Arbitrary Uses Profiles/#39/LR1865SZ_first20cycle201230_002_6.xlsx,记录表.Temperature(℃),float64,325078,325078,0,,,other
kw34hhw7xg-3/Cycled with Arbitrary Uses Profiles/#39/LR1865SZ_first20cycle201230_002_6.xlsx,记录表.Date_Time,datetime64[ns],325078,325078,,,,other
kw34hhw7xg-3/Cycled with Arbitrary Uses Profiles/#39/LR1865SZ_first20cycle201230_002_6.xlsx,记录表.Cycle_Index,int64,325078,325078,0,1.0,21.0,physical_cycle_candidate
kw34hhw7xg-3/Cycled with Arbitrary Uses Profiles/#4/LR1865SZ_cycles210109_001_1.xlsx,记录表.Data_Point,int64,208764,208764,0,,,other
kw34hhw7xg-3/Cycled with Arbitrary Uses Profiles/#4/LR1865SZ_cycles210109_001_1.xlsx,记录表.Test_Time(s),object,208764,208764,0,,,other
kw34hhw7xg-3/Cycled with Arbitrary Uses Profiles/#4/LR1865SZ_cycles210109_001_1.xlsx,记录表.Current(A),float64,208764,208764,0,,,current_or_rate_candidate
kw34hhw7xg-3/Cycled with Arbitrary Uses Profiles/#4/LR1865SZ_cycles210109_001_1.xlsx,记录表.Capacity(Ah),float64,208764,208764,0,,,capacity_candidate
kw34hhw7xg-3/Cycled with Arbitrary Uses Profiles/#4/LR1865SZ_cycles210109_001_1.xlsx,记录表.Voltage(V),float64,208764,208764,0,,,other
kw34hhw7xg-3/Cycled with Arbitrary Uses Profiles/#4/LR1865SZ_cycles210109_001_1.xlsx,记录表.Energy(Wh),float64,208764,208764,0,,,other
kw34hhw7xg-3/Cycled with Arbitrary Uses Profiles/#4/LR1865SZ_cycles210109_001_1.xlsx,记录表.Temperature(℃),float64,208764,208764,0,,,other
kw34hhw7xg-3/Cycled with Arbitrary Uses Profiles/#4/LR1865SZ_cycles210109_001_1.xlsx,记录表.Date_Time,datetime64[ns],208764,208764,,,,other
kw34hhw7xg-3/Cycled with Arbitrary Uses Profiles/#4/LR1865SZ_cycles210109_001_1.xlsx,记录表.Cycle_Index,int64,208764,208764,0,1.0,101.0,physical_cycle_candidate
kw34hhw7xg-3/Cycled with Arbitrary Uses Profiles/#4/LR1865SZ_first20cycle210105_001_1.xlsx,记录表.Data_Point,int64,313271,313271,0,,,other
kw34hhw7xg-3/Cycled with Arbitrary Uses Profiles/#4/LR1865SZ_first20cycle210105_001_1.xlsx,记录表.Test_Time(s),object,313271,313271,0,,,other
kw34hhw7xg-3/Cycled with Arbitrary Uses Profiles/#4/LR1865SZ_first20cycle210105_001_1.xlsx,记录表.Current(A),float64,313271,313271,0,,,current_or_rate_candidate
kw34hhw7xg-3/Cycled with Arbitrary Uses Profiles/#4/LR1865SZ_first20cycle210105_001_1.xlsx,记录表.Capacity(Ah),float64,313271,313271,0,,,capacity_candidate
kw34hhw7xg-3/Cycled with Arbitrary Uses Profiles/#4/LR1865SZ_first20cycle210105_001_1.xlsx,记录表.Voltage(V),float64,313271,313271,0,,,other
kw34hhw7xg-3/Cycled with Arbitrary Uses Profiles/#4/LR1865SZ_first20cycle210105_001_1.xlsx,记录表.Energy(Wh),float64,313271,313271,0,,,other
kw34hhw7xg-3/Cycled with Arbitrary Uses Profiles/#4/LR1865SZ_first20cycle210105_001_1.xlsx,记录表.Temperature(℃),float64,313271,313271,0,,,other
kw34hhw7xg-3/Cycled with Arbitrary Uses Profiles/#4/LR1865SZ_first20cycle210105_001_1.xlsx,记录表.Date_Time,datetime64[ns],313271,313271,,,,other
kw34hhw7xg-3/Cycled with Arbitrary Uses Profiles/#4/LR1865SZ_first20cycle210105_001_1.xlsx,记录表.Cycle_Index,int64,313271,313271,0,1.0,21.0,physical_cycle_candidate
kw34hhw7xg-3/Cycled with Arbitrary Uses Profiles/#40/LR1865SZ_cycles210115_002_6.xlsx,记录表.Data_Point,int64,266642,266642,0,,,other
kw34hhw7xg-3/Cycled with Arbitrary Uses Profiles/#40/LR1865SZ_cycles210115_002_6.xlsx,记录表.Test_Time(s),object,266642,266642,0,,,other
kw34hhw7xg-3/Cycled with Arbitrary Uses Profiles/#40/LR1865SZ_cycles210115_002_6.xlsx,记录表.Current(A),float64,266642,266642,0,,,current_or_rate_candidate
kw34hhw7xg-3/Cycled with Arbitrary Uses Profiles/#40/LR1865SZ_cycles210115_002_6.xlsx,记录表.Capacity(Ah),float64,266642,266642,0,,,capacity_candidate
kw34hhw7xg-3/Cycled with Arbitrary Uses Profiles/#40/LR1865SZ_cycles210115_002_6.xlsx,记录表.Voltage(V),float64,266642,266642,0,,,other
kw34hhw7xg-3/Cycled with Arbitrary Uses Profiles/#40/LR1865SZ_cycles210115_002_6.xlsx,记录表.Energy(Wh),float64,266642,266642,0,,,other
kw34hhw7xg-3/Cycled with Arbitrary Uses Profiles/#40/LR1865SZ_cycles210115_002_6.xlsx,记录表.Temperature(℃),float64,266642,266642,0,,,other
kw34hhw7xg-3/Cycled with Arbitrary Uses Profiles/#40/LR1865SZ_cycles210115_002_6.xlsx,记录表.Date_Time,datetime64[ns],266642,266642,,,,other
kw34hhw7xg-3/Cycled with Arbitrary Uses Profiles/#40/LR1865SZ_cycles210115_002_6.xlsx,记录表.Cycle_Index,int64,266642,266642,0,1.0,101.0,physical_cycle_candidate
kw34hhw7xg-3/Cycled with Arbitrary Uses Profiles/#40/LR1865SZ_first20cycle210111_002_6.xlsx,记录表.Data_Point,int64,320433,320433,0,,,other
kw34hhw7xg-3/Cycled with Arbitrary Uses Profiles/#40/LR1865SZ_first20cycle210111_002_6.xlsx,记录表.Test_Time(s),object,320433,320433,0,,,other
kw34hhw7xg-3/Cycled with Arbitrary Uses Profiles/#40/LR1865SZ_first20cycle210111_002_6.xlsx,记录表.Current(A),float64,320433,320433,0,,,current_or_rate_candidate
kw34hhw7xg-3/Cycled with Arbitrary Uses Profiles/#40/LR1865SZ_first20cycle210111_002_6.xlsx,记录表.Capacity(Ah),float64,320433,320433,0,,,capacity_candidate
kw34hhw7xg-3/Cycled with Arbitrary Uses Profiles/#40/LR1865SZ_first20cycle210111_002_6.xlsx,记录表.Voltage(V),float64,320433,320433,0,,,other
kw34hhw7xg-3/Cycled with Arbitrary Uses Profiles/#40/LR1865SZ_first20cycle210111_002_6.xlsx,记录表.Energy(Wh),float64,320433,320433,0,,,other
kw34hhw7xg-3/Cycled with Arbitrary Uses Profiles/#40/LR1865SZ_first20cycle210111_002_6.xlsx,记录表.Temperature(℃),float64,320433,320433,0,,,other
kw34hhw7xg-3/Cycled with Arbitrary Uses Profiles/#40/LR1865SZ_first20cycle210111_002_6.xlsx,记录表.Date_Time,datetime64[ns],320433,320433,,,,other
kw34hhw7xg-3/Cycled with Arbitrary Uses Profiles/#40/LR1865SZ_first20cycle210111_002_6.xlsx,记录表.Cycle_Index,int64,320433,320433,0,1.0,21.0,physical_cycle_candidate
kw34hhw7xg-3/Cycled with Arbitrary Uses Profiles/#42/LR1865SZ_cycles210102_002_8.xlsx,记录表.Data_Point,int64,301465,301465,0,,,other
kw34hhw7xg-3/Cycled with Arbitrary Uses Profiles/#42/LR1865SZ_cycles210102_002_8.xlsx,记录表.Test_Time(s),object,301465,301465,0,,,other
kw34hhw7xg-3/Cycled with Arbitrary Uses Profiles/#42/LR1865SZ_cycles210102_002_8.xlsx,记录表.Current(A),float64,301465,301465,0,,,current_or_rate_candidate
kw34hhw7xg-3/Cycled with Arbitrary Uses Profiles/#42/LR1865SZ_cycles210102_002_8.xlsx,记录表.Capacity(Ah),float64,301465,301465,0,,,capacity_candidate
kw34hhw7xg-3/Cycled with Arbitrary Uses Profiles/#42/LR1865SZ_cycles210102_002_8.xlsx,记录表.Voltage(V),float64,301465,301465,0,,,other
kw34hhw7xg-3/Cycled with Arbitrary Uses Profiles/#42/LR1865SZ_cycles210102_002_8.xlsx,记录表.Energy(Wh),float64,301465,301465,0,,,other
kw34hhw7xg-3/Cycled with Arbitrary Uses Profiles/#42/LR1865SZ_cycles210102_002_8.xlsx,记录表.Temperature(℃),float64,301465,301465,0,,,other
kw34hhw7xg-3/Cycled with Arbitrary Uses Profiles/#42/LR1865SZ_cycles210102_002_8.xlsx,记录表.Date_Time,datetime64[ns],301465,301465,,,,other
kw34hhw7xg-3/Cycled with Arbitrary Uses Profiles/#42/LR1865SZ_cycles210102_002_8.xlsx,记录表.Cycle_Index,int64,301465,301465,0,1.0,101.0,physical_cycle_candidate
kw34hhw7xg-3/Cycled with Arbitrary Uses Profiles/#42/LR1865SZ_first20cycle201229_002_8.xlsx,记录表.Data_Point,int64,316442,316442,0,,,other
kw34hhw7xg-3/Cycled with Arbitrary Uses Profiles/#42/LR1865SZ_first20cycle201229_002_8.xlsx,记录表.Test_Time(s),object,316442,316442,0,,,other
kw34hhw7xg-3/Cycled with Arbitrary Uses Profiles/#42/LR1865SZ_first20cycle201229_002_8.xlsx,记录表.Current(A),float64,316442,316442,0,,,current_or_rate_candidate
kw34hhw7xg-3/Cycled with Arbitrary Uses Profiles/#42/LR1865SZ_first20cycle201229_002_8.xlsx,记录表.Capacity(Ah),float64,316442,316442,0,,,capacity_candidate
kw34hhw7xg-3/Cycled with Arbitrary Uses Profiles/#42/LR1865SZ_first20cycle201229_002_8.xlsx,记录表.Voltage(V),float64,316442,316442,0,,,other
kw34hhw7xg-3/Cycled with Arbitrary Uses Profiles/#42/LR1865SZ_first20cycle201229_002_8.xlsx,记录表.Energy(Wh),float64,316442,316442,0,,,other
kw34hhw7xg-3/Cycled with Arbitrary Uses Profiles/#42/LR1865SZ_first20cycle201229_002_8.xlsx,记录表.Temperature(℃),float64,316442,316442,0,,,other
kw34hhw7xg-3/Cycled with Arbitrary Uses Profiles/#42/LR1865SZ_first20cycle201229_002_8.xlsx,记录表.Date_Time,datetime64[ns],316442,316442,,,,other
kw34hhw7xg-3/Cycled with Arbitrary Uses Profiles/#42/LR1865SZ_first20cycle201229_002_8.xlsx,记录表.Cycle_Index,int64,316442,316442,0,1.0,21.0,physical_cycle_candidate
kw34hhw7xg-3/Cycled with Arbitrary Uses Profiles/#43/LR1865SZ_cycles210115_002_8.xlsx,记录表.Data_Point,int64,209705,209705,0,,,other
kw34hhw7xg-3/Cycled with Arbitrary Uses Profiles/#43/LR1865SZ_cycles210115_002_8.xlsx,记录表.Test_Time(s),object,209705,209705,0,,,other
kw34hhw7xg-3/Cycled with Arbitrary Uses Profiles/#43/LR1865SZ_cycles210115_002_8.xlsx,记录表.Current(A),float64,209705,209705,0,,,current_or_rate_candidate
kw34hhw7xg-3/Cycled with Arbitrary Uses Profiles/#43/LR1865SZ_cycles210115_002_8.xlsx,记录表.Capacity(Ah),float64,209705,209705,0,,,capacity_candidate
kw34hhw7xg-3/Cycled with Arbitrary Uses Profiles/#43/LR1865SZ_cycles210115_002_8.xlsx,记录表.Voltage(V),float64,209705,209705,0,,,other
kw34hhw7xg-3/Cycled with Arbitrary Uses Profiles/#43/LR1865SZ_cycles210115_002_8.xlsx,记录表.Energy(Wh),float64,209705,209705,0,,,other
kw34hhw7xg-3/Cycled with Arbitrary Uses Profiles/#43/LR1865SZ_cycles210115_002_8.xlsx,记录表.Temperature(℃),float64,209705,209705,0,,,other
kw34hhw7xg-3/Cycled with Arbitrary Uses Profiles/#43/LR1865SZ_cycles210115_002_8.xlsx,记录表.Date_Time,datetime64[ns],209705,209705,,,,other
kw34hhw7xg-3/Cycled with Arbitrary Uses Profiles/#43/LR1865SZ_cycles210115_002_8.xlsx,记录表.Cycle_Index,int64,209705,209705,0,1.0,101.0,physical_cycle_candidate
kw34hhw7xg-3/Cycled with Arbitrary Uses Profiles/#43/LR1865SZ_first20cycle210111_002_8.xlsx,记录表.Data_Point,int64,315523,315523,0,,,other
kw34hhw7xg-3/Cycled with Arbitrary Uses Profiles/#43/LR1865SZ_first20cycle210111_002_8.xlsx,记录表.Test_Time(s),object,315523,315523,0,,,other
kw34hhw7xg-3/Cycled with Arbitrary Uses Profiles/#43/LR1865SZ_first20cycle210111_002_8.xlsx,记录表.Current(A),float64,315523,315523,0,,,current_or_rate_candidate
kw34hhw7xg-3/Cycled with Arbitrary Uses Profiles/#43/LR1865SZ_first20cycle210111_002_8.xlsx,记录表.Capacity(Ah),float64,315523,315523,0,,,capacity_candidate
kw34hhw7xg-3/Cycled with Arbitrary Uses Profiles/#43/LR1865SZ_first20cycle210111_002_8.xlsx,记录表.Voltage(V),float64,315523,315523,0,,,other
kw34hhw7xg-3/Cycled with Arbitrary Uses Profiles/#43/LR1865SZ_first20cycle210111_002_8.xlsx,记录表.Energy(Wh),float64,315523,315523,0,,,other
kw34hhw7xg-3/Cycled with Arbitrary Uses Profiles/#43/LR1865SZ_first20cycle210111_002_8.xlsx,记录表.Temperature(℃),float64,315523,315523,0,,,other
kw34hhw7xg-3/Cycled with Arbitrary Uses Profiles/#43/LR1865SZ_first20cycle210111_002_8.xlsx,记录表.Date_Time,datetime64[ns],315523,315523,,,,other
kw34hhw7xg-3/Cycled with Arbitrary Uses Profiles/#43/LR1865SZ_first20cycle210111_002_8.xlsx,记录表.Cycle_Index,int64,315523,315523,0,1.0,21.0,physical_cycle_candidate
kw34hhw7xg-3/Cycled with Arbitrary Uses Profiles/#46/LR1865SZ_cycles210102_003_5.xlsx,记录表.Data_Point,int64,247262,247262,0,,,other
kw34hhw7xg-3/Cycled with Arbitrary Uses Profiles/#46/LR1865SZ_cycles210102_003_5.xlsx,记录表.Test_Time(s),object,247262,247262,0,,,other
kw34hhw7xg-3/Cycled with Arbitrary Uses Profiles/#46/LR1865SZ_cycles210102_003_5.xlsx,记录表.Current(A),float64,247262,247262,0,,,current_or_rate_candidate
kw34hhw7xg-3/Cycled with Arbitrary Uses Profiles/#46/LR1865SZ_cycles210102_003_5.xlsx,记录表.Capacity(Ah),float64,247262,247262,0,,,capacity_candidate
kw34hhw7xg-3/Cycled with Arbitrary Uses Profiles/#46/LR1865SZ_cycles210102_003_5.xlsx,记录表.Voltage(V),float64,247262,247262,0,,,other
kw34hhw7xg-3/Cycled with Arbitrary Uses Profiles/#46/LR1865SZ_cycles210102_003_5.xlsx,记录表.Energy(Wh),float64,247262,247262,0,,,other
kw34hhw7xg-3/Cycled with Arbitrary Uses Profiles/#46/LR1865SZ_cycles210102_003_5.xlsx,记录表.Temperature(℃),float64,247262,247262,0,,,other
kw34hhw7xg-3/Cycled with Arbitrary Uses Profiles/#46/LR1865SZ_cycles210102_003_5.xlsx,记录表.Date_Time,datetime64[ns],247262,247262,,,,other
kw34hhw7xg-3/Cycled with Arbitrary Uses Profiles/#46/LR1865SZ_cycles210102_003_5.xlsx,记录表.Cycle_Index,int64,247262,247262,0,1.0,101.0,physical_cycle_candidate
kw34hhw7xg-3/Cycled with Arbitrary Uses Profiles/#46/LR1865SZ_first20cycle201229_003_5.xlsx,记录表.Data_Point,int64,317330,317330,0,,,other
kw34hhw7xg-3/Cycled with Arbitrary Uses Profiles/#46/LR1865SZ_first20cycle201229_003_5.xlsx,记录表.Test_Time(s),object,317330,317330,0,,,other
kw34hhw7xg-3/Cycled with Arbitrary Uses Profiles/#46/LR1865SZ_first20cycle201229_003_5.xlsx,记录表.Current(A),float64,317330,317330,0,,,current_or_rate_candidate
kw34hhw7xg-3/Cycled with Arbitrary Uses Profiles/#46/LR1865SZ_first20cycle201229_003_5.xlsx,记录表.Capacity(Ah),float64,317330,317330,0,,,capacity_candidate
kw34hhw7xg-3/Cycled with Arbitrary Uses Profiles/#46/LR1865SZ_first20cycle201229_003_5.xlsx,记录表.Voltage(V),float64,317330,317330,0,,,other
kw34hhw7xg-3/Cycled with Arbitrary Uses Profiles/#46/LR1865SZ_first20cycle201229_003_5.xlsx,记录表.Energy(Wh),float64,317330,317330,0,,,other
kw34hhw7xg-3/Cycled with Arbitrary Uses Profiles/#46/LR1865SZ_first20cycle201229_003_5.xlsx,记录表.Temperature(℃),float64,317330,317330,0,,,other
kw34hhw7xg-3/Cycled with Arbitrary Uses Profiles/#46/LR1865SZ_first20cycle201229_003_5.xlsx,记录表.Date_Time,datetime64[ns],317330,317330,,,,other
kw34hhw7xg-3/Cycled with Arbitrary Uses Profiles/#46/LR1865SZ_first20cycle201229_003_5.xlsx,记录表.Cycle_Index,int64,317330,317330,0,1.0,21.0,physical_cycle_candidate
kw34hhw7xg-3/Cycled with Arbitrary Uses Profiles/#47/LR1865SZ_cycles210115_003_5.xlsx,记录表.Data_Point,int64,195420,195420,0,,,other
kw34hhw7xg-3/Cycled with Arbitrary Uses Profiles/#47/LR1865SZ_cycles210115_003_5.xlsx,记录表.Test_Time(s),object,195420,195420,0,,,other
kw34hhw7xg-3/Cycled with Arbitrary Uses Profiles/#47/LR1865SZ_cycles210115_003_5.xlsx,记录表.Current(A),float64,195420,195420,0,,,current_or_rate_candidate
kw34hhw7xg-3/Cycled with Arbitrary Uses Profiles/#47/LR1865SZ_cycles210115_003_5.xlsx,记录表.Capacity(Ah),float64,195420,195420,0,,,capacity_candidate
kw34hhw7xg-3/Cycled with Arbitrary Uses Profiles/#47/LR1865SZ_cycles210115_003_5.xlsx,记录表.Voltage(V),float64,195420,195420,0,,,other
kw34hhw7xg-3/Cycled with Arbitrary Uses Profiles/#47/LR1865SZ_cycles210115_003_5.xlsx,记录表.Energy(Wh),float64,195420,195420,0,,,other
kw34hhw7xg-3/Cycled with Arbitrary Uses Profiles/#47/LR1865SZ_cycles210115_003_5.xlsx,记录表.Temperature(℃),float64,195420,195420,0,,,other
kw34hhw7xg-3/Cycled with Arbitrary Uses Profiles/#47/LR1865SZ_cycles210115_003_5.xlsx,记录表.Date_Time,datetime64[ns],195420,195420,,,,other
kw34hhw7xg-3/Cycled with Arbitrary Uses Profiles/#47/LR1865SZ_cycles210115_003_5.xlsx,记录表.Cycle_Index,int64,195420,195420,0,1.0,101.0,physical_cycle_candidate
kw34hhw7xg-3/Cycled with Arbitrary Uses Profiles/#47/LR1865SZ_first20cycle210111_003_5.xlsx,记录表.Data_Point,int64,314439,314439,0,,,other
kw34hhw7xg-3/Cycled with Arbitrary Uses Profiles/#47/LR1865SZ_first20cycle210111_003_5.xlsx,记录表.Test_Time(s),object,314439,314439,0,,,other
kw34hhw7xg-3/Cycled with Arbitrary Uses Profiles/#47/LR1865SZ_first20cycle210111_003_5.xlsx,记录表.Current(A),float64,314439,314439,0,,,current_or_rate_candidate
kw34hhw7xg-3/Cycled with Arbitrary Uses Profiles/#47/LR1865SZ_first20cycle210111_003_5.xlsx,记录表.Capacity(Ah),float64,314439,314439,0,,,capacity_candidate
kw34hhw7xg-3/Cycled with Arbitrary Uses Profiles/#47/LR1865SZ_first20cycle210111_003_5.xlsx,记录表.Voltage(V),float64,314439,314439,0,,,other
kw34hhw7xg-3/Cycled with Arbitrary Uses Profiles/#47/LR1865SZ_first20cycle210111_003_5.xlsx,记录表.Energy(Wh),float64,314439,314439,0,,,other
kw34hhw7xg-3/Cycled with Arbitrary Uses Profiles/#47/LR1865SZ_first20cycle210111_003_5.xlsx,记录表.Temperature(℃),float64,314439,314439,0,,,other
kw34hhw7xg-3/Cycled with Arbitrary Uses Profiles/#47/LR1865SZ_first20cycle210111_003_5.xlsx,记录表.Date_Time,datetime64[ns],314439,314439,,,,other
kw34hhw7xg-3/Cycled with Arbitrary Uses Profiles/#47/LR1865SZ_first20cycle210111_003_5.xlsx,记录表.Cycle_Index,int64,314439,314439,0,1.0,21.0,physical_cycle_candidate
kw34hhw7xg-3/Cycled with Arbitrary Uses Profiles/#5/LR1865SZ_cycles210121_001_2.xlsx,记录表.Data_Point,int64,267948,267948,0,,,other
kw34hhw7xg-3/Cycled with Arbitrary Uses Profiles/#5/LR1865SZ_cycles210121_001_2.xlsx,记录表.Test_Time(s),object,267948,267948,0,,,other
kw34hhw7xg-3/Cycled with Arbitrary Uses Profiles/#5/LR1865SZ_cycles210121_001_2.xlsx,记录表.Current(A),float64,267948,267948,0,,,current_or_rate_candidate
kw34hhw7xg-3/Cycled with Arbitrary Uses Profiles/#5/LR1865SZ_cycles210121_001_2.xlsx,记录表.Capacity(Ah),float64,267948,267948,0,,,capacity_candidate
kw34hhw7xg-3/Cycled with Arbitrary Uses Profiles/#5/LR1865SZ_cycles210121_001_2.xlsx,记录表.Voltage(V),float64,267948,267948,0,,,other
kw34hhw7xg-3/Cycled with Arbitrary Uses Profiles/#5/LR1865SZ_cycles210121_001_2.xlsx,记录表.Energy(Wh),float64,267948,267948,0,,,other
kw34hhw7xg-3/Cycled with Arbitrary Uses Profiles/#5/LR1865SZ_cycles210121_001_2.xlsx,记录表.Temperature(℃),float64,267948,267948,0,,,other
kw34hhw7xg-3/Cycled with Arbitrary Uses Profiles/#5/LR1865SZ_cycles210121_001_2.xlsx,记录表.Date_Time,datetime64[ns],267948,267948,,,,other
kw34hhw7xg-3/Cycled with Arbitrary Uses Profiles/#5/LR1865SZ_cycles210121_001_2.xlsx,记录表.Cycle_Index,int64,267948,267948,0,1.0,101.0,physical_cycle_candidate
kw34hhw7xg-3/Cycled with Arbitrary Uses Profiles/#5/LR1865SZ_first20cycle210117_001_2.xlsx,记录表.Data_Point,int64,320764,320764,0,,,other
kw34hhw7xg-3/Cycled with Arbitrary Uses Profiles/#5/LR1865SZ_first20cycle210117_001_2.xlsx,记录表.Test_Time(s),object,320764,320764,0,,,other
kw34hhw7xg-3/Cycled with Arbitrary Uses Profiles/#5/LR1865SZ_first20cycle210117_001_2.xlsx,记录表.Current(A),float64,320764,320764,0,,,current_or_rate_candidate
kw34hhw7xg-3/Cycled with Arbitrary Uses Profiles/#5/LR1865SZ_first20cycle210117_001_2.xlsx,记录表.Capacity(Ah),float64,320764,320764,0,,,capacity_candidate
kw34hhw7xg-3/Cycled with Arbitrary Uses Profiles/#5/LR1865SZ_first20cycle210117_001_2.xlsx,记录表.Voltage(V),float64,320764,320764,0,,,other
kw34hhw7xg-3/Cycled with Arbitrary Uses Profiles/#5/LR1865SZ_first20cycle210117_001_2.xlsx,记录表.Energy(Wh),float64,320764,320764,0,,,other
kw34hhw7xg-3/Cycled with Arbitrary Uses Profiles/#5/LR1865SZ_first20cycle210117_001_2.xlsx,记录表.Temperature(℃),float64,320764,320764,0,,,other
kw34hhw7xg-3/Cycled with Arbitrary Uses Profiles/#5/LR1865SZ_first20cycle210117_001_2.xlsx,记录表.Date_Time,datetime64[ns],320764,320764,,,,other
kw34hhw7xg-3/Cycled with Arbitrary Uses Profiles/#5/LR1865SZ_first20cycle210117_001_2.xlsx,记录表.Cycle_Index,int64,320764,320764,0,1.0,21.0,physical_cycle_candidate
kw34hhw7xg-3/Cycled with Arbitrary Uses Profiles/#50/LR1865SZ_cycles210102_003_6.xlsx,记录表.Data_Point,int64,249469,249469,0,,,other
kw34hhw7xg-3/Cycled with Arbitrary Uses Profiles/#50/LR1865SZ_cycles210102_003_6.xlsx,记录表.Test_Time(s),object,249469,249469,0,,,other
kw34hhw7xg-3/Cycled with Arbitrary Uses Profiles/#50/LR1865SZ_cycles210102_003_6.xlsx,记录表.Current(A),float64,249469,249469,0,,,current_or_rate_candidate
kw34hhw7xg-3/Cycled with Arbitrary Uses Profiles/#50/LR1865SZ_cycles210102_003_6.xlsx,记录表.Capacity(Ah),float64,249469,249469,0,,,capacity_candidate
kw34hhw7xg-3/Cycled with Arbitrary Uses Profiles/#50/LR1865SZ_cycles210102_003_6.xlsx,记录表.Voltage(V),float64,249469,249469,0,,,other
kw34hhw7xg-3/Cycled with Arbitrary Uses Profiles/#50/LR1865SZ_cycles210102_003_6.xlsx,记录表.Energy(Wh),float64,249469,249469,0,,,other
kw34hhw7xg-3/Cycled with Arbitrary Uses Profiles/#50/LR1865SZ_cycles210102_003_6.xlsx,记录表.Temperature(℃),float64,249469,249469,0,,,other
kw34hhw7xg-3/Cycled with Arbitrary Uses Profiles/#50/LR1865SZ_cycles210102_003_6.xlsx,记录表.Date_Time,datetime64[ns],249469,249469,,,,other
kw34hhw7xg-3/Cycled with Arbitrary Uses Profiles/#50/LR1865SZ_cycles210102_003_6.xlsx,记录表.Cycle_Index,int64,249469,249469,0,1.0,101.0,physical_cycle_candidate
kw34hhw7xg-3/Cycled with Arbitrary Uses Profiles/#50/LR1865SZ_first20cycle201229_003_6.xlsx,记录表.Data_Point,int64,312900,312900,0,,,other
kw34hhw7xg-3/Cycled with Arbitrary Uses Profiles/#50/LR1865SZ_first20cycle201229_003_6.xlsx,记录表.Test_Time(s),object,312900,312900,0,,,other
kw34hhw7xg-3/Cycled with Arbitrary Uses Profiles/#50/LR1865SZ_first20cycle201229_003_6.xlsx,记录表.Current(A),float64,312900,312900,0,,,current_or_rate_candidate
kw34hhw7xg-3/Cycled with Arbitrary Uses Profiles/#50/LR1865SZ_first20cycle201229_003_6.xlsx,记录表.Capacity(Ah),float64,312900,312900,0,,,capacity_candidate
kw34hhw7xg-3/Cycled with Arbitrary Uses Profiles/#50/LR1865SZ_first20cycle201229_003_6.xlsx,记录表.Voltage(V),float64,312900,312900,0,,,other
kw34hhw7xg-3/Cycled with Arbitrary Uses Profiles/#50/LR1865SZ_first20cycle201229_003_6.xlsx,记录表.Energy(Wh),float64,312900,312900,0,,,other
kw34hhw7xg-3/Cycled with Arbitrary Uses Profiles/#50/LR1865SZ_first20cycle201229_003_6.xlsx,记录表.Temperature(℃),float64,312900,312900,0,,,other
kw34hhw7xg-3/Cycled with Arbitrary Uses Profiles/#50/LR1865SZ_first20cycle201229_003_6.xlsx,记录表.Date_Time,datetime64[ns],312900,312900,,,,other
kw34hhw7xg-3/Cycled with Arbitrary Uses Profiles/#50/LR1865SZ_first20cycle201229_003_6.xlsx,记录表.Cycle_Index,int64,312900,312900,0,1.0,21.0,physical_cycle_candidate
kw34hhw7xg-3/Cycled with Arbitrary Uses Profiles/#51/LR1865SZ_cycles210115_003_6.xlsx,记录表.Data_Point,int64,198695,198695,0,,,other
kw34hhw7xg-3/Cycled with Arbitrary Uses Profiles/#51/LR1865SZ_cycles210115_003_6.xlsx,记录表.Test_Time(s),object,198695,198695,0,,,other
kw34hhw7xg-3/Cycled with Arbitrary Uses Profiles/#51/LR1865SZ_cycles210115_003_6.xlsx,记录表.Current(A),float64,198695,198695,0,,,current_or_rate_candidate
kw34hhw7xg-3/Cycled with Arbitrary Uses Profiles/#51/LR1865SZ_cycles210115_003_6.xlsx,记录表.Capacity(Ah),float64,198695,198695,0,,,capacity_candidate
kw34hhw7xg-3/Cycled with Arbitrary Uses Profiles/#51/LR1865SZ_cycles210115_003_6.xlsx,记录表.Voltage(V),float64,198695,198695,0,,,other
kw34hhw7xg-3/Cycled with Arbitrary Uses Profiles/#51/LR1865SZ_cycles210115_003_6.xlsx,记录表.Energy(Wh),float64,198695,198695,0,,,other
kw34hhw7xg-3/Cycled with Arbitrary Uses Profiles/#51/LR1865SZ_cycles210115_003_6.xlsx,记录表.Temperature(℃),float64,198695,198695,0,,,other
kw34hhw7xg-3/Cycled with Arbitrary Uses Profiles/#51/LR1865SZ_cycles210115_003_6.xlsx,记录表.Date_Time,datetime64[ns],198695,198695,,,,other
kw34hhw7xg-3/Cycled with Arbitrary Uses Profiles/#51/LR1865SZ_cycles210115_003_6.xlsx,记录表.Cycle_Index,int64,198695,198695,0,1.0,101.0,physical_cycle_candidate
kw34hhw7xg-3/Cycled with Arbitrary Uses Profiles/#51/LR1865SZ_first20cycle210111_003_6.xlsx,记录表.Data_Point,float64,312683,312683,22222,,,other
kw34hhw7xg-3/Cycled with Arbitrary Uses Profiles/#51/LR1865SZ_first20cycle210111_003_6.xlsx,记录表.Test_Time(s),object,312683,312683,0,,,other
kw34hhw7xg-3/Cycled with Arbitrary Uses Profiles/#51/LR1865SZ_first20cycle210111_003_6.xlsx,记录表.Current(A),float64,312683,312683,22222,,,current_or_rate_candidate
kw34hhw7xg-3/Cycled with Arbitrary Uses Profiles/#51/LR1865SZ_first20cycle210111_003_6.xlsx,记录表.Capacity(Ah),float64,312683,312683,22222,,,capacity_candidate
kw34hhw7xg-3/Cycled with Arbitrary Uses Profiles/#51/LR1865SZ_first20cycle210111_003_6.xlsx,记录表.Voltage(V),float64,312683,312683,22222,,,other
kw34hhw7xg-3/Cycled with Arbitrary Uses Profiles/#51/LR1865SZ_first20cycle210111_003_6.xlsx,记录表.Energy(Wh),float64,312683,312683,22222,,,other
kw34hhw7xg-3/Cycled with Arbitrary Uses Profiles/#51/LR1865SZ_first20cycle210111_003_6.xlsx,记录表.Temperature(℃),float64,312683,312683,22222,,,other
kw34hhw7xg-3/Cycled with Arbitrary Uses Profiles/#51/LR1865SZ_first20cycle210111_003_6.xlsx,记录表.Date_Time,datetime64[ns],312683,312683,,,,other
kw34hhw7xg-3/Cycled with Arbitrary Uses Profiles/#51/LR1865SZ_first20cycle210111_003_6.xlsx,记录表.Cycle_Index,float64,312683,312683,22222,1.0,21.0,physical_cycle_candidate
kw34hhw7xg-3/Cycled with Arbitrary Uses Profiles/#54/LR1865SZ_cycles210103_003_7.xlsx,记录表.Data_Point,int64,253924,253924,0,,,other
kw34hhw7xg-3/Cycled with Arbitrary Uses Profiles/#54/LR1865SZ_cycles210103_003_7.xlsx,记录表.Test_Time(s),object,253924,253924,0,,,other
kw34hhw7xg-3/Cycled with Arbitrary Uses Profiles/#54/LR1865SZ_cycles210103_003_7.xlsx,记录表.Current(A),float64,253924,253924,0,,,current_or_rate_candidate
kw34hhw7xg-3/Cycled with Arbitrary Uses Profiles/#54/LR1865SZ_cycles210103_003_7.xlsx,记录表.Capacity(Ah),float64,253924,253924,0,,,capacity_candidate
kw34hhw7xg-3/Cycled with Arbitrary Uses Profiles/#54/LR1865SZ_cycles210103_003_7.xlsx,记录表.Voltage(V),float64,253924,253924,0,,,other
kw34hhw7xg-3/Cycled with Arbitrary Uses Profiles/#54/LR1865SZ_cycles210103_003_7.xlsx,记录表.Energy(Wh),float64,253924,253924,0,,,other
kw34hhw7xg-3/Cycled with Arbitrary Uses Profiles/#54/LR1865SZ_cycles210103_003_7.xlsx,记录表.Temperature(℃),float64,253924,253924,0,,,other
kw34hhw7xg-3/Cycled with Arbitrary Uses Profiles/#54/LR1865SZ_cycles210103_003_7.xlsx,记录表.Date_Time,datetime64[ns],253924,253924,,,,other
kw34hhw7xg-3/Cycled with Arbitrary Uses Profiles/#54/LR1865SZ_cycles210103_003_7.xlsx,记录表.Cycle_Index,int64,253924,253924,0,1.0,101.0,physical_cycle_candidate
kw34hhw7xg-3/Cycled with Arbitrary Uses Profiles/#54/LR1865SZ_first20cycle201230_003_7.xlsx,记录表.Data_Point,int64,321134,321134,0,,,other
kw34hhw7xg-3/Cycled with Arbitrary Uses Profiles/#54/LR1865SZ_first20cycle201230_003_7.xlsx,记录表.Test_Time(s),object,321134,321134,0,,,other
kw34hhw7xg-3/Cycled with Arbitrary Uses Profiles/#54/LR1865SZ_first20cycle201230_003_7.xlsx,记录表.Current(A),float64,321134,321134,0,,,current_or_rate_candidate
kw34hhw7xg-3/Cycled with Arbitrary Uses Profiles/#54/LR1865SZ_first20cycle201230_003_7.xlsx,记录表.Capacity(Ah),float64,321134,321134,0,,,capacity_candidate
kw34hhw7xg-3/Cycled with Arbitrary Uses Profiles/#54/LR1865SZ_first20cycle201230_003_7.xlsx,记录表.Voltage(V),float64,321134,321134,0,,,other
kw34hhw7xg-3/Cycled with Arbitrary Uses Profiles/#54/LR1865SZ_first20cycle201230_003_7.xlsx,记录表.Energy(Wh),float64,321134,321134,0,,,other
kw34hhw7xg-3/Cycled with Arbitrary Uses Profiles/#54/LR1865SZ_first20cycle201230_003_7.xlsx,记录表.Temperature(℃),float64,321134,321134,0,,,other
kw34hhw7xg-3/Cycled with Arbitrary Uses Profiles/#54/LR1865SZ_first20cycle201230_003_7.xlsx,记录表.Date_Time,datetime64[ns],321134,321134,,,,other
kw34hhw7xg-3/Cycled with Arbitrary Uses Profiles/#54/LR1865SZ_first20cycle201230_003_7.xlsx,记录表.Cycle_Index,int64,321134,321134,0,1.0,21.0,physical_cycle_candidate
kw34hhw7xg-3/Cycled with Arbitrary Uses Profiles/#55/LR1865SZ_cycles210115_003_7.xlsx,记录表.Data_Point,int64,237912,237912,0,,,other
kw34hhw7xg-3/Cycled with Arbitrary Uses Profiles/#55/LR1865SZ_cycles210115_003_7.xlsx,记录表.Test_Time(s),object,237912,237912,0,,,other
kw34hhw7xg-3/Cycled with Arbitrary Uses Profiles/#55/LR1865SZ_cycles210115_003_7.xlsx,记录表.Current(A),float64,237912,237912,0,,,current_or_rate_candidate
kw34hhw7xg-3/Cycled with Arbitrary Uses Profiles/#55/LR1865SZ_cycles210115_003_7.xlsx,记录表.Capacity(Ah),float64,237912,237912,0,,,capacity_candidate
kw34hhw7xg-3/Cycled with Arbitrary Uses Profiles/#55/LR1865SZ_cycles210115_003_7.xlsx,记录表.Voltage(V),float64,237912,237912,0,,,other
kw34hhw7xg-3/Cycled with Arbitrary Uses Profiles/#55/LR1865SZ_cycles210115_003_7.xlsx,记录表.Energy(Wh),float64,237912,237912,0,,,other
kw34hhw7xg-3/Cycled with Arbitrary Uses Profiles/#55/LR1865SZ_cycles210115_003_7.xlsx,记录表.Temperature(℃),float64,237912,237912,0,,,other
kw34hhw7xg-3/Cycled with Arbitrary Uses Profiles/#55/LR1865SZ_cycles210115_003_7.xlsx,记录表.Date_Time,datetime64[ns],237912,237912,,,,other
kw34hhw7xg-3/Cycled with Arbitrary Uses Profiles/#55/LR1865SZ_cycles210115_003_7.xlsx,记录表.Cycle_Index,int64,237912,237912,0,1.0,101.0,physical_cycle_candidate
kw34hhw7xg-3/Cycled with Arbitrary Uses Profiles/#55/LR1865SZ_first20cycle210111_003_7.xlsx,记录表.Data_Point,int64,314759,314759,0,,,other
kw34hhw7xg-3/Cycled with Arbitrary Uses Profiles/#55/LR1865SZ_first20cycle210111_003_7.xlsx,记录表.Test_Time(s),object,314759,314759,0,,,other
kw34hhw7xg-3/Cycled with Arbitrary Uses Profiles/#55/LR1865SZ_first20cycle210111_003_7.xlsx,记录表.Current(A),float64,314759,314759,0,,,current_or_rate_candidate
kw34hhw7xg-3/Cycled with Arbitrary Uses Profiles/#55/LR1865SZ_first20cycle210111_003_7.xlsx,记录表.Capacity(Ah),float64,314759,314759,0,,,capacity_candidate
kw34hhw7xg-3/Cycled with Arbitrary Uses Profiles/#55/LR1865SZ_first20cycle210111_003_7.xlsx,记录表.Voltage(V),float64,314759,314759,0,,,other
kw34hhw7xg-3/Cycled with Arbitrary Uses Profiles/#55/LR1865SZ_first20cycle210111_003_7.xlsx,记录表.Energy(Wh),float64,314759,314759,0,,,other
kw34hhw7xg-3/Cycled with Arbitrary Uses Profiles/#55/LR1865SZ_first20cycle210111_003_7.xlsx,记录表.Temperature(℃),float64,314759,314759,0,,,other
kw34hhw7xg-3/Cycled with Arbitrary Uses Profiles/#55/LR1865SZ_first20cycle210111_003_7.xlsx,记录表.Date_Time,datetime64[ns],314759,314759,,,,other
kw34hhw7xg-3/Cycled with Arbitrary Uses Profiles/#55/LR1865SZ_first20cycle210111_003_7.xlsx,记录表.Cycle_Index,int64,314759,314759,0,1.0,21.0,physical_cycle_candidate
kw34hhw7xg-3/Cycled with Arbitrary Uses Profiles/#56/LR1865SZ_cycles210115_003_8.xlsx,记录表.Data_Point,int64,232926,232926,0,,,other
kw34hhw7xg-3/Cycled with Arbitrary Uses Profiles/#56/LR1865SZ_cycles210115_003_8.xlsx,记录表.Test_Time(s),object,232926,232926,0,,,other
kw34hhw7xg-3/Cycled with Arbitrary Uses Profiles/#56/LR1865SZ_cycles210115_003_8.xlsx,记录表.Current(A),float64,232926,232926,0,,,current_or_rate_candidate
kw34hhw7xg-3/Cycled with Arbitrary Uses Profiles/#56/LR1865SZ_cycles210115_003_8.xlsx,记录表.Capacity(Ah),float64,232926,232926,0,,,capacity_candidate
kw34hhw7xg-3/Cycled with Arbitrary Uses Profiles/#56/LR1865SZ_cycles210115_003_8.xlsx,记录表.Voltage(V),float64,232926,232926,0,,,other
kw34hhw7xg-3/Cycled with Arbitrary Uses Profiles/#56/LR1865SZ_cycles210115_003_8.xlsx,记录表.Energy(Wh),float64,232926,232926,0,,,other
kw34hhw7xg-3/Cycled with Arbitrary Uses Profiles/#56/LR1865SZ_cycles210115_003_8.xlsx,记录表.Temperature(℃),float64,232926,232926,0,,,other
kw34hhw7xg-3/Cycled with Arbitrary Uses Profiles/#56/LR1865SZ_cycles210115_003_8.xlsx,记录表.Date_Time,datetime64[ns],232926,232926,,,,other
kw34hhw7xg-3/Cycled with Arbitrary Uses Profiles/#56/LR1865SZ_cycles210115_003_8.xlsx,记录表.Cycle_Index,int64,232926,232926,0,1.0,101.0,physical_cycle_candidate
kw34hhw7xg-3/Cycled with Arbitrary Uses Profiles/#56/LR1865SZ_first20cycle210111_003_8.xlsx,记录表.Data_Point,int64,312422,312422,0,,,other
kw34hhw7xg-3/Cycled with Arbitrary Uses Profiles/#56/LR1865SZ_first20cycle210111_003_8.xlsx,记录表.Test_Time(s),object,312422,312422,0,,,other
kw34hhw7xg-3/Cycled with Arbitrary Uses Profiles/#56/LR1865SZ_first20cycle210111_003_8.xlsx,记录表.Current(A),float64,312422,312422,0,,,current_or_rate_candidate
kw34hhw7xg-3/Cycled with Arbitrary Uses Profiles/#56/LR1865SZ_first20cycle210111_003_8.xlsx,记录表.Capacity(Ah),float64,312422,312422,0,,,capacity_candidate
kw34hhw7xg-3/Cycled with Arbitrary Uses Profiles/#56/LR1865SZ_first20cycle210111_003_8.xlsx,记录表.Voltage(V),float64,312422,312422,0,,,other
kw34hhw7xg-3/Cycled with Arbitrary Uses Profiles/#56/LR1865SZ_first20cycle210111_003_8.xlsx,记录表.Energy(Wh),float64,312422,312422,0,,,other
kw34hhw7xg-3/Cycled with Arbitrary Uses Profiles/#56/LR1865SZ_first20cycle210111_003_8.xlsx,记录表.Temperature(℃),float64,312422,312422,0,,,other
kw34hhw7xg-3/Cycled with Arbitrary Uses Profiles/#56/LR1865SZ_first20cycle210111_003_8.xlsx,记录表.Date_Time,datetime64[ns],312422,312422,,,,other
kw34hhw7xg-3/Cycled with Arbitrary Uses Profiles/#56/LR1865SZ_first20cycle210111_003_8.xlsx,记录表.Cycle_Index,int64,312422,312422,0,1.0,21.0,physical_cycle_candidate
kw34hhw7xg-3/Cycled with Arbitrary Uses Profiles/#59/LR1865SZ_cycles210102_003_8.xlsx,记录表.Data_Point,int64,289847,289847,0,,,other
kw34hhw7xg-3/Cycled with Arbitrary Uses Profiles/#59/LR1865SZ_cycles210102_003_8.xlsx,记录表.Test_Time(s),object,289847,289847,0,,,other
kw34hhw7xg-3/Cycled with Arbitrary Uses Profiles/#59/LR1865SZ_cycles210102_003_8.xlsx,记录表.Current(A),float64,289847,289847,0,,,current_or_rate_candidate
kw34hhw7xg-3/Cycled with Arbitrary Uses Profiles/#59/LR1865SZ_cycles210102_003_8.xlsx,记录表.Capacity(Ah),float64,289847,289847,0,,,capacity_candidate
kw34hhw7xg-3/Cycled with Arbitrary Uses Profiles/#59/LR1865SZ_cycles210102_003_8.xlsx,记录表.Voltage(V),float64,289847,289847,0,,,other
kw34hhw7xg-3/Cycled with Arbitrary Uses Profiles/#59/LR1865SZ_cycles210102_003_8.xlsx,记录表.Energy(Wh),float64,289847,289847,0,,,other
kw34hhw7xg-3/Cycled with Arbitrary Uses Profiles/#59/LR1865SZ_cycles210102_003_8.xlsx,记录表.Temperature(℃),float64,289847,289847,0,,,other
kw34hhw7xg-3/Cycled with Arbitrary Uses Profiles/#59/LR1865SZ_cycles210102_003_8.xlsx,记录表.Date_Time,datetime64[ns],289847,289847,,,,other
kw34hhw7xg-3/Cycled with Arbitrary Uses Profiles/#59/LR1865SZ_cycles210102_003_8.xlsx,记录表.Cycle_Index,int64,289847,289847,0,1.0,101.0,physical_cycle_candidate
kw34hhw7xg-3/Cycled with Arbitrary Uses Profiles/#59/LR1865SZ_first20cycle201229_003_8.xlsx,记录表.Data_Point,int64,311593,311593,0,,,other
kw34hhw7xg-3/Cycled with Arbitrary Uses Profiles/#59/LR1865SZ_first20cycle201229_003_8.xlsx,记录表.Test_Time(s),object,311593,311593,0,,,other
kw34hhw7xg-3/Cycled with Arbitrary Uses Profiles/#59/LR1865SZ_first20cycle201229_003_8.xlsx,记录表.Current(A),float64,311593,311593,0,,,current_or_rate_candidate
kw34hhw7xg-3/Cycled with Arbitrary Uses Profiles/#59/LR1865SZ_first20cycle201229_003_8.xlsx,记录表.Capacity(Ah),float64,311593,311593,0,,,capacity_candidate
kw34hhw7xg-3/Cycled with Arbitrary Uses Profiles/#59/LR1865SZ_first20cycle201229_003_8.xlsx,记录表.Voltage(V),float64,311593,311593,0,,,other
kw34hhw7xg-3/Cycled with Arbitrary Uses Profiles/#59/LR1865SZ_first20cycle201229_003_8.xlsx,记录表.Energy(Wh),float64,311593,311593,0,,,other
kw34hhw7xg-3/Cycled with Arbitrary Uses Profiles/#59/LR1865SZ_first20cycle201229_003_8.xlsx,记录表.Temperature(℃),float64,311593,311593,0,,,other
kw34hhw7xg-3/Cycled with Arbitrary Uses Profiles/#59/LR1865SZ_first20cycle201229_003_8.xlsx,记录表.Date_Time,datetime64[ns],311593,311593,,,,other
kw34hhw7xg-3/Cycled with Arbitrary Uses Profiles/#59/LR1865SZ_first20cycle201229_003_8.xlsx,记录表.Cycle_Index,int64,311593,311593,0,1.0,21.0,physical_cycle_candidate
kw34hhw7xg-3/Cycled with Arbitrary Uses Profiles/#60/LR1865SZ_cycles210122_001_5.xlsx,记录表.Data_Point,int64,196602,196602,0,,,other
kw34hhw7xg-3/Cycled with Arbitrary Uses Profiles/#60/LR1865SZ_cycles210122_001_5.xlsx,记录表.Test_Time(s),object,196602,196602,0,,,other
kw34hhw7xg-3/Cycled with Arbitrary Uses Profiles/#60/LR1865SZ_cycles210122_001_5.xlsx,记录表.Current(A),float64,196602,196602,0,,,current_or_rate_candidate
kw34hhw7xg-3/Cycled with Arbitrary Uses Profiles/#60/LR1865SZ_cycles210122_001_5.xlsx,记录表.Capacity(Ah),float64,196602,196602,0,,,capacity_candidate
kw34hhw7xg-3/Cycled with Arbitrary Uses Profiles/#60/LR1865SZ_cycles210122_001_5.xlsx,记录表.Voltage(V),float64,196602,196602,0,,,other
kw34hhw7xg-3/Cycled with Arbitrary Uses Profiles/#60/LR1865SZ_cycles210122_001_5.xlsx,记录表.Energy(Wh),float64,196602,196602,0,,,other
kw34hhw7xg-3/Cycled with Arbitrary Uses Profiles/#60/LR1865SZ_cycles210122_001_5.xlsx,记录表.Temperature(℃),float64,196602,196602,0,,,other
kw34hhw7xg-3/Cycled with Arbitrary Uses Profiles/#60/LR1865SZ_cycles210122_001_5.xlsx,记录表.Date_Time,datetime64[ns],196602,196602,,,,other
kw34hhw7xg-3/Cycled with Arbitrary Uses Profiles/#60/LR1865SZ_cycles210122_001_5.xlsx,记录表.Cycle_Index,int64,196602,196602,0,1.0,101.0,physical_cycle_candidate
kw34hhw7xg-3/Cycled with Arbitrary Uses Profiles/#60/LR1865SZ_first20cycle210118_001_5.xlsx,记录表.Data_Point,int64,317731,317731,0,,,other
kw34hhw7xg-3/Cycled with Arbitrary Uses Profiles/#60/LR1865SZ_first20cycle210118_001_5.xlsx,记录表.Test_Time(s),object,317731,317731,0,,,other
kw34hhw7xg-3/Cycled with Arbitrary Uses Profiles/#60/LR1865SZ_first20cycle210118_001_5.xlsx,记录表.Current(A),float64,317731,317731,0,,,current_or_rate_candidate
kw34hhw7xg-3/Cycled with Arbitrary Uses Profiles/#60/LR1865SZ_first20cycle210118_001_5.xlsx,记录表.Capacity(Ah),float64,317731,317731,0,,,capacity_candidate
kw34hhw7xg-3/Cycled with Arbitrary Uses Profiles/#60/LR1865SZ_first20cycle210118_001_5.xlsx,记录表.Voltage(V),float64,317731,317731,0,,,other
kw34hhw7xg-3/Cycled with Arbitrary Uses Profiles/#60/LR1865SZ_first20cycle210118_001_5.xlsx,记录表.Energy(Wh),float64,317731,317731,0,,,other
kw34hhw7xg-3/Cycled with Arbitrary Uses Profiles/#60/LR1865SZ_first20cycle210118_001_5.xlsx,记录表.Temperature(℃),float64,317731,317731,0,,,other
kw34hhw7xg-3/Cycled with Arbitrary Uses Profiles/#60/LR1865SZ_first20cycle210118_001_5.xlsx,记录表.Date_Time,datetime64[ns],317731,317731,,,,other
kw34hhw7xg-3/Cycled with Arbitrary Uses Profiles/#60/LR1865SZ_first20cycle210118_001_5.xlsx,记录表.Cycle_Index,int64,317731,317731,0,1.0,21.0,physical_cycle_candidate
kw34hhw7xg-3/Cycled with Arbitrary Uses Profiles/#61/LR1865SZ_cycles210122_001_6.xlsx,记录表.Data_Point,int64,197000,197000,0,,,other
kw34hhw7xg-3/Cycled with Arbitrary Uses Profiles/#61/LR1865SZ_cycles210122_001_6.xlsx,记录表.Test_Time(s),object,197000,197000,0,,,other
kw34hhw7xg-3/Cycled with Arbitrary Uses Profiles/#61/LR1865SZ_cycles210122_001_6.xlsx,记录表.Current(A),float64,197000,197000,0,,,current_or_rate_candidate
kw34hhw7xg-3/Cycled with Arbitrary Uses Profiles/#61/LR1865SZ_cycles210122_001_6.xlsx,记录表.Capacity(Ah),float64,197000,197000,0,,,capacity_candidate
kw34hhw7xg-3/Cycled with Arbitrary Uses Profiles/#61/LR1865SZ_cycles210122_001_6.xlsx,记录表.Voltage(V),float64,197000,197000,0,,,other
kw34hhw7xg-3/Cycled with Arbitrary Uses Profiles/#61/LR1865SZ_cycles210122_001_6.xlsx,记录表.Energy(Wh),float64,197000,197000,0,,,other
kw34hhw7xg-3/Cycled with Arbitrary Uses Profiles/#61/LR1865SZ_cycles210122_001_6.xlsx,记录表.Temperature(℃),float64,197000,197000,0,,,other
kw34hhw7xg-3/Cycled with Arbitrary Uses Profiles/#61/LR1865SZ_cycles210122_001_6.xlsx,记录表.Date_Time,datetime64[ns],197000,197000,,,,other
kw34hhw7xg-3/Cycled with Arbitrary Uses Profiles/#61/LR1865SZ_cycles210122_001_6.xlsx,记录表.Cycle_Index,int64,197000,197000,0,1.0,101.0,physical_cycle_candidate
kw34hhw7xg-3/Cycled with Arbitrary Uses Profiles/#61/LR1865SZ_first20cycle210118_001_6.xlsx,记录表.Data_Point,int64,316856,316856,0,,,other
kw34hhw7xg-3/Cycled with Arbitrary Uses Profiles/#61/LR1865SZ_first20cycle210118_001_6.xlsx,记录表.Test_Time(s),object,316856,316856,0,,,other
kw34hhw7xg-3/Cycled with Arbitrary Uses Profiles/#61/LR1865SZ_first20cycle210118_001_6.xlsx,记录表.Current(A),float64,316856,316856,0,,,current_or_rate_candidate
kw34hhw7xg-3/Cycled with Arbitrary Uses Profiles/#61/LR1865SZ_first20cycle210118_001_6.xlsx,记录表.Capacity(Ah),float64,316856,316856,0,,,capacity_candidate
kw34hhw7xg-3/Cycled with Arbitrary Uses Profiles/#61/LR1865SZ_first20cycle210118_001_6.xlsx,记录表.Voltage(V),float64,316856,316856,0,,,other
kw34hhw7xg-3/Cycled with Arbitrary Uses Profiles/#61/LR1865SZ_first20cycle210118_001_6.xlsx,记录表.Energy(Wh),float64,316856,316856,0,,,other
kw34hhw7xg-3/Cycled with Arbitrary Uses Profiles/#61/LR1865SZ_first20cycle210118_001_6.xlsx,记录表.Temperature(℃),float64,316856,316856,0,,,other
kw34hhw7xg-3/Cycled with Arbitrary Uses Profiles/#61/LR1865SZ_first20cycle210118_001_6.xlsx,记录表.Date_Time,datetime64[ns],316856,316856,,,,other
kw34hhw7xg-3/Cycled with Arbitrary Uses Profiles/#61/LR1865SZ_first20cycle210118_001_6.xlsx,记录表.Cycle_Index,int64,316856,316856,0,1.0,21.0,physical_cycle_candidate
kw34hhw7xg-3/Cycled with Arbitrary Uses Profiles/#62/LR1865SZ_cycles210125_001_7.xlsx,记录表.Data_Point,int64,259434,259434,0,,,other
kw34hhw7xg-3/Cycled with Arbitrary Uses Profiles/#62/LR1865SZ_cycles210125_001_7.xlsx,记录表.Test_Time(s),object,259434,259434,0,,,other
kw34hhw7xg-3/Cycled with Arbitrary Uses Profiles/#62/LR1865SZ_cycles210125_001_7.xlsx,记录表.Current(A),float64,259434,259434,0,,,current_or_rate_candidate
kw34hhw7xg-3/Cycled with Arbitrary Uses Profiles/#62/LR1865SZ_cycles210125_001_7.xlsx,记录表.Capacity(Ah),float64,259434,259434,0,,,capacity_candidate
kw34hhw7xg-3/Cycled with Arbitrary Uses Profiles/#62/LR1865SZ_cycles210125_001_7.xlsx,记录表.Voltage(V),float64,259434,259434,0,,,other
kw34hhw7xg-3/Cycled with Arbitrary Uses Profiles/#62/LR1865SZ_cycles210125_001_7.xlsx,记录表.Energy(Wh),float64,259434,259434,0,,,other
kw34hhw7xg-3/Cycled with Arbitrary Uses Profiles/#62/LR1865SZ_cycles210125_001_7.xlsx,记录表.Temperature(℃),float64,259434,259434,0,,,other
kw34hhw7xg-3/Cycled with Arbitrary Uses Profiles/#62/LR1865SZ_cycles210125_001_7.xlsx,记录表.Date_Time,datetime64[ns],259434,259434,,,,other
kw34hhw7xg-3/Cycled with Arbitrary Uses Profiles/#62/LR1865SZ_cycles210125_001_7.xlsx,记录表.Cycle_Index,int64,259434,259434,0,1.0,101.0,physical_cycle_candidate
kw34hhw7xg-3/Cycled with Arbitrary Uses Profiles/#62/LR1865SZ_first20cycle210121_001_7.xlsx,记录表.Data_Point,int64,306167,306167,0,,,other
kw34hhw7xg-3/Cycled with Arbitrary Uses Profiles/#62/LR1865SZ_first20cycle210121_001_7.xlsx,记录表.Test_Time(s),object,306167,306167,0,,,other
kw34hhw7xg-3/Cycled with Arbitrary Uses Profiles/#62/LR1865SZ_first20cycle210121_001_7.xlsx,记录表.Current(A),float64,306167,306167,0,,,current_or_rate_candidate
kw34hhw7xg-3/Cycled with Arbitrary Uses Profiles/#62/LR1865SZ_first20cycle210121_001_7.xlsx,记录表.Capacity(Ah),float64,306167,306167,0,,,capacity_candidate
kw34hhw7xg-3/Cycled with Arbitrary Uses Profiles/#62/LR1865SZ_first20cycle210121_001_7.xlsx,记录表.Voltage(V),float64,306167,306167,0,,,other
kw34hhw7xg-3/Cycled with Arbitrary Uses Profiles/#62/LR1865SZ_first20cycle210121_001_7.xlsx,记录表.Energy(Wh),float64,306167,306167,0,,,other
kw34hhw7xg-3/Cycled with Arbitrary Uses Profiles/#62/LR1865SZ_first20cycle210121_001_7.xlsx,记录表.Temperature(℃),float64,306167,306167,0,,,other
kw34hhw7xg-3/Cycled with Arbitrary Uses Profiles/#62/LR1865SZ_first20cycle210121_001_7.xlsx,记录表.Date_Time,datetime64[ns],306167,306167,,,,other
kw34hhw7xg-3/Cycled with Arbitrary Uses Profiles/#62/LR1865SZ_first20cycle210121_001_7.xlsx,记录表.Cycle_Index,int64,306167,306167,0,1.0,21.0,physical_cycle_candidate
kw34hhw7xg-3/Cycled with Arbitrary Uses Profiles/#63/LR1865SZ_cycles210124_002_4.xlsx,记录表.Data_Point,int64,229900,229900,0,,,other
kw34hhw7xg-3/Cycled with Arbitrary Uses Profiles/#63/LR1865SZ_cycles210124_002_4.xlsx,记录表.Test_Time(s),object,229900,229900,0,,,other
kw34hhw7xg-3/Cycled with Arbitrary Uses Profiles/#63/LR1865SZ_cycles210124_002_4.xlsx,记录表.Current(A),float64,229900,229900,0,,,current_or_rate_candidate
kw34hhw7xg-3/Cycled with Arbitrary Uses Profiles/#63/LR1865SZ_cycles210124_002_4.xlsx,记录表.Capacity(Ah),float64,229900,229900,0,,,capacity_candidate
kw34hhw7xg-3/Cycled with Arbitrary Uses Profiles/#63/LR1865SZ_cycles210124_002_4.xlsx,记录表.Voltage(V),float64,229900,229900,0,,,other
kw34hhw7xg-3/Cycled with Arbitrary Uses Profiles/#63/LR1865SZ_cycles210124_002_4.xlsx,记录表.Energy(Wh),float64,229900,229900,0,,,other
kw34hhw7xg-3/Cycled with Arbitrary Uses Profiles/#63/LR1865SZ_cycles210124_002_4.xlsx,记录表.Temperature(℃),float64,229900,229900,0,,,other
kw34hhw7xg-3/Cycled with Arbitrary Uses Profiles/#63/LR1865SZ_cycles210124_002_4.xlsx,记录表.Date_Time,datetime64[ns],229900,229900,,,,other
kw34hhw7xg-3/Cycled with Arbitrary Uses Profiles/#63/LR1865SZ_cycles210124_002_4.xlsx,记录表.Cycle_Index,int64,229900,229900,0,1.0,101.0,physical_cycle_candidate
kw34hhw7xg-3/Cycled with Arbitrary Uses Profiles/#63/LR1865SZ_first20cycle210120_002_4.xlsx,记录表.Data_Point,int64,319705,319705,0,,,other
kw34hhw7xg-3/Cycled with Arbitrary Uses Profiles/#63/LR1865SZ_first20cycle210120_002_4.xlsx,记录表.Test_Time(s),object,319705,319705,0,,,other
kw34hhw7xg-3/Cycled with Arbitrary Uses Profiles/#63/LR1865SZ_first20cycle210120_002_4.xlsx,记录表.Current(A),float64,319705,319705,0,,,current_or_rate_candidate
kw34hhw7xg-3/Cycled with Arbitrary Uses Profiles/#63/LR1865SZ_first20cycle210120_002_4.xlsx,记录表.Capacity(Ah),float64,319705,319705,0,,,capacity_candidate
kw34hhw7xg-3/Cycled with Arbitrary Uses Profiles/#63/LR1865SZ_first20cycle210120_002_4.xlsx,记录表.Voltage(V),float64,319705,319705,0,,,other
kw34hhw7xg-3/Cycled with Arbitrary Uses Profiles/#63/LR1865SZ_first20cycle210120_002_4.xlsx,记录表.Energy(Wh),float64,319705,319705,0,,,other
kw34hhw7xg-3/Cycled with Arbitrary Uses Profiles/#63/LR1865SZ_first20cycle210120_002_4.xlsx,记录表.Temperature(℃),float64,319705,319705,0,,,other
kw34hhw7xg-3/Cycled with Arbitrary Uses Profiles/#63/LR1865SZ_first20cycle210120_002_4.xlsx,记录表.Date_Time,datetime64[ns],319705,319705,,,,other
kw34hhw7xg-3/Cycled with Arbitrary Uses Profiles/#63/LR1865SZ_first20cycle210120_002_4.xlsx,记录表.Cycle_Index,int64,319705,319705,0,1.0,21.0,physical_cycle_candidate
kw34hhw7xg-3/Cycled with Arbitrary Uses Profiles/#64/LR1865SZ_cycles210124_002_5.xlsx,记录表.Data_Point,int64,256406,256406,0,,,other
kw34hhw7xg-3/Cycled with Arbitrary Uses Profiles/#64/LR1865SZ_cycles210124_002_5.xlsx,记录表.Test_Time(s),object,256406,256406,0,,,other
kw34hhw7xg-3/Cycled with Arbitrary Uses Profiles/#64/LR1865SZ_cycles210124_002_5.xlsx,记录表.Current(A),float64,256406,256406,0,,,current_or_rate_candidate
kw34hhw7xg-3/Cycled with Arbitrary Uses Profiles/#64/LR1865SZ_cycles210124_002_5.xlsx,记录表.Capacity(Ah),float64,256406,256406,0,,,capacity_candidate
kw34hhw7xg-3/Cycled with Arbitrary Uses Profiles/#64/LR1865SZ_cycles210124_002_5.xlsx,记录表.Voltage(V),float64,256406,256406,0,,,other
kw34hhw7xg-3/Cycled with Arbitrary Uses Profiles/#64/LR1865SZ_cycles210124_002_5.xlsx,记录表.Energy(Wh),float64,256406,256406,0,,,other
kw34hhw7xg-3/Cycled with Arbitrary Uses Profiles/#64/LR1865SZ_cycles210124_002_5.xlsx,记录表.Temperature(℃),float64,256406,256406,0,,,other
kw34hhw7xg-3/Cycled with Arbitrary Uses Profiles/#64/LR1865SZ_cycles210124_002_5.xlsx,记录表.Date_Time,datetime64[ns],256406,256406,,,,other
kw34hhw7xg-3/Cycled with Arbitrary Uses Profiles/#64/LR1865SZ_cycles210124_002_5.xlsx,记录表.Cycle_Index,int64,256406,256406,0,1.0,101.0,physical_cycle_candidate
kw34hhw7xg-3/Cycled with Arbitrary Uses Profiles/#64/LR1865SZ_first20cycle210120_002_5.xlsx,记录表.Data_Point,int64,317792,317792,0,,,other
kw34hhw7xg-3/Cycled with Arbitrary Uses Profiles/#64/LR1865SZ_first20cycle210120_002_5.xlsx,记录表.Test_Time(s),object,317792,317792,0,,,other
kw34hhw7xg-3/Cycled with Arbitrary Uses Profiles/#64/LR1865SZ_first20cycle210120_002_5.xlsx,记录表.Current(A),float64,317792,317792,0,,,current_or_rate_candidate
kw34hhw7xg-3/Cycled with Arbitrary Uses Profiles/#64/LR1865SZ_first20cycle210120_002_5.xlsx,记录表.Capacity(Ah),float64,317792,317792,0,,,capacity_candidate
kw34hhw7xg-3/Cycled with Arbitrary Uses Profiles/#64/LR1865SZ_first20cycle210120_002_5.xlsx,记录表.Voltage(V),float64,317792,317792,0,,,other
kw34hhw7xg-3/Cycled with Arbitrary Uses Profiles/#64/LR1865SZ_first20cycle210120_002_5.xlsx,记录表.Energy(Wh),float64,317792,317792,0,,,other
kw34hhw7xg-3/Cycled with Arbitrary Uses Profiles/#64/LR1865SZ_first20cycle210120_002_5.xlsx,记录表.Temperature(℃),float64,317792,317792,0,,,other
kw34hhw7xg-3/Cycled with Arbitrary Uses Profiles/#64/LR1865SZ_first20cycle210120_002_5.xlsx,记录表.Date_Time,datetime64[ns],317792,317792,,,,other
kw34hhw7xg-3/Cycled with Arbitrary Uses Profiles/#64/LR1865SZ_first20cycle210120_002_5.xlsx,记录表.Cycle_Index,int64,317792,317792,0,1.0,21.0,physical_cycle_candidate
kw34hhw7xg-3/Cycled with Arbitrary Uses Profiles/#65/LR1865SZ_cycles210125_002_6.xlsx,记录表.Data_Point,int64,235714,235714,0,,,other
kw34hhw7xg-3/Cycled with Arbitrary Uses Profiles/#65/LR1865SZ_cycles210125_002_6.xlsx,记录表.Test_Time(s),object,235714,235714,0,,,other
kw34hhw7xg-3/Cycled with Arbitrary Uses Profiles/#65/LR1865SZ_cycles210125_002_6.xlsx,记录表.Current(A),float64,235714,235714,0,,,current_or_rate_candidate
kw34hhw7xg-3/Cycled with Arbitrary Uses Profiles/#65/LR1865SZ_cycles210125_002_6.xlsx,记录表.Capacity(Ah),float64,235714,235714,0,,,capacity_candidate
kw34hhw7xg-3/Cycled with Arbitrary Uses Profiles/#65/LR1865SZ_cycles210125_002_6.xlsx,记录表.Voltage(V),float64,235714,235714,0,,,other
kw34hhw7xg-3/Cycled with Arbitrary Uses Profiles/#65/LR1865SZ_cycles210125_002_6.xlsx,记录表.Energy(Wh),float64,235714,235714,0,,,other
kw34hhw7xg-3/Cycled with Arbitrary Uses Profiles/#65/LR1865SZ_cycles210125_002_6.xlsx,记录表.Temperature(℃),float64,235714,235714,0,,,other
kw34hhw7xg-3/Cycled with Arbitrary Uses Profiles/#65/LR1865SZ_cycles210125_002_6.xlsx,记录表.Date_Time,datetime64[ns],235714,235714,,,,other
kw34hhw7xg-3/Cycled with Arbitrary Uses Profiles/#65/LR1865SZ_cycles210125_002_6.xlsx,记录表.Cycle_Index,int64,235714,235714,0,1.0,101.0,physical_cycle_candidate
kw34hhw7xg-3/Cycled with Arbitrary Uses Profiles/#65/LR1865SZ_first20cycle210121_002_6.xlsx,记录表.Data_Point,int64,324679,324679,0,,,other
kw34hhw7xg-3/Cycled with Arbitrary Uses Profiles/#65/LR1865SZ_first20cycle210121_002_6.xlsx,记录表.Test_Time(s),object,324679,324679,0,,,other
kw34hhw7xg-3/Cycled with Arbitrary Uses Profiles/#65/LR1865SZ_first20cycle210121_002_6.xlsx,记录表.Current(A),float64,324679,324679,0,,,current_or_rate_candidate
kw34hhw7xg-3/Cycled with Arbitrary Uses Profiles/#65/LR1865SZ_first20cycle210121_002_6.xlsx,记录表.Capacity(Ah),float64,324679,324679,0,,,capacity_candidate
kw34hhw7xg-3/Cycled with Arbitrary Uses Profiles/#65/LR1865SZ_first20cycle210121_002_6.xlsx,记录表.Voltage(V),float64,324679,324679,0,,,other
kw34hhw7xg-3/Cycled with Arbitrary Uses Profiles/#65/LR1865SZ_first20cycle210121_002_6.xlsx,记录表.Energy(Wh),float64,324679,324679,0,,,other
kw34hhw7xg-3/Cycled with Arbitrary Uses Profiles/#65/LR1865SZ_first20cycle210121_002_6.xlsx,记录表.Temperature(℃),float64,324679,324679,0,,,other
kw34hhw7xg-3/Cycled with Arbitrary Uses Profiles/#65/LR1865SZ_first20cycle210121_002_6.xlsx,记录表.Date_Time,datetime64[ns],324679,324679,,,,other
kw34hhw7xg-3/Cycled with Arbitrary Uses Profiles/#65/LR1865SZ_first20cycle210121_002_6.xlsx,记录表.Cycle_Index,int64,324679,324679,0,1.0,21.0,physical_cycle_candidate
kw34hhw7xg-3/Cycled with Arbitrary Uses Profiles/#66/LR1865SZ_cycles210124_002_8.xlsx,记录表.Data_Point,int64,241676,241676,0,,,other
kw34hhw7xg-3/Cycled with Arbitrary Uses Profiles/#66/LR1865SZ_cycles210124_002_8.xlsx,记录表.Test_Time(s),object,241676,241676,0,,,other
kw34hhw7xg-3/Cycled with Arbitrary Uses Profiles/#66/LR1865SZ_cycles210124_002_8.xlsx,记录表.Current(A),float64,241676,241676,0,,,current_or_rate_candidate
kw34hhw7xg-3/Cycled with Arbitrary Uses Profiles/#66/LR1865SZ_cycles210124_002_8.xlsx,记录表.Capacity(Ah),float64,241676,241676,0,,,capacity_candidate
kw34hhw7xg-3/Cycled with Arbitrary Uses Profiles/#66/LR1865SZ_cycles210124_002_8.xlsx,记录表.Voltage(V),float64,241676,241676,0,,,other
kw34hhw7xg-3/Cycled with Arbitrary Uses Profiles/#66/LR1865SZ_cycles210124_002_8.xlsx,记录表.Energy(Wh),float64,241676,241676,0,,,other
kw34hhw7xg-3/Cycled with Arbitrary Uses Profiles/#66/LR1865SZ_cycles210124_002_8.xlsx,记录表.Temperature(℃),float64,241676,241676,0,,,other
kw34hhw7xg-3/Cycled with Arbitrary Uses Profiles/#66/LR1865SZ_cycles210124_002_8.xlsx,记录表.Date_Time,datetime64[ns],241676,241676,,,,other
kw34hhw7xg-3/Cycled with Arbitrary Uses Profiles/#66/LR1865SZ_cycles210124_002_8.xlsx,记录表.Cycle_Index,int64,241676,241676,0,1.0,101.0,physical_cycle_candidate
kw34hhw7xg-3/Cycled with Arbitrary Uses Profiles/#66/LR1865SZ_first20cycle210120_002_8.xlsx,记录表.Data_Point,int64,317380,317380,0,,,other
kw34hhw7xg-3/Cycled with Arbitrary Uses Profiles/#66/LR1865SZ_first20cycle210120_002_8.xlsx,记录表.Test_Time(s),object,317380,317380,0,,,other
kw34hhw7xg-3/Cycled with Arbitrary Uses Profiles/#66/LR1865SZ_first20cycle210120_002_8.xlsx,记录表.Current(A),float64,317380,317380,0,,,current_or_rate_candidate
kw34hhw7xg-3/Cycled with Arbitrary Uses Profiles/#66/LR1865SZ_first20cycle210120_002_8.xlsx,记录表.Capacity(Ah),float64,317380,317380,0,,,capacity_candidate
kw34hhw7xg-3/Cycled with Arbitrary Uses Profiles/#66/LR1865SZ_first20cycle210120_002_8.xlsx,记录表.Voltage(V),float64,317380,317380,0,,,other
kw34hhw7xg-3/Cycled with Arbitrary Uses Profiles/#66/LR1865SZ_first20cycle210120_002_8.xlsx,记录表.Energy(Wh),float64,317380,317380,0,,,other
kw34hhw7xg-3/Cycled with Arbitrary Uses Profiles/#66/LR1865SZ_first20cycle210120_002_8.xlsx,记录表.Temperature(℃),float64,317380,317380,0,,,other
kw34hhw7xg-3/Cycled with Arbitrary Uses Profiles/#66/LR1865SZ_first20cycle210120_002_8.xlsx,记录表.Date_Time,datetime64[ns],317380,317380,,,,other
kw34hhw7xg-3/Cycled with Arbitrary Uses Profiles/#66/LR1865SZ_first20cycle210120_002_8.xlsx,记录表.Cycle_Index,int64,317380,317380,0,1.0,21.0,physical_cycle_candidate
kw34hhw7xg-3/Cycled with Arbitrary Uses Profiles/#67/LR1865SZ_cycles210124_003_5.xlsx,记录表.Data_Point,int64,286439,286439,0,,,other
kw34hhw7xg-3/Cycled with Arbitrary Uses Profiles/#67/LR1865SZ_cycles210124_003_5.xlsx,记录表.Test_Time(s),object,286439,286439,0,,,other
kw34hhw7xg-3/Cycled with Arbitrary Uses Profiles/#67/LR1865SZ_cycles210124_003_5.xlsx,记录表.Current(A),float64,286439,286439,0,,,current_or_rate_candidate
kw34hhw7xg-3/Cycled with Arbitrary Uses Profiles/#67/LR1865SZ_cycles210124_003_5.xlsx,记录表.Capacity(Ah),float64,286439,286439,0,,,capacity_candidate
kw34hhw7xg-3/Cycled with Arbitrary Uses Profiles/#67/LR1865SZ_cycles210124_003_5.xlsx,记录表.Voltage(V),float64,286439,286439,0,,,other
kw34hhw7xg-3/Cycled with Arbitrary Uses Profiles/#67/LR1865SZ_cycles210124_003_5.xlsx,记录表.Energy(Wh),float64,286439,286439,0,,,other
kw34hhw7xg-3/Cycled with Arbitrary Uses Profiles/#67/LR1865SZ_cycles210124_003_5.xlsx,记录表.Temperature(℃),float64,286439,286439,0,,,other
kw34hhw7xg-3/Cycled with Arbitrary Uses Profiles/#67/LR1865SZ_cycles210124_003_5.xlsx,记录表.Date_Time,datetime64[ns],286439,286439,,,,other
kw34hhw7xg-3/Cycled with Arbitrary Uses Profiles/#67/LR1865SZ_cycles210124_003_5.xlsx,记录表.Cycle_Index,int64,286439,286439,0,1.0,101.0,physical_cycle_candidate
kw34hhw7xg-3/Cycled with Arbitrary Uses Profiles/#67/LR1865SZ_first20cycle210120_003_5.xlsx,记录表.Data_Point,int64,315004,315004,0,,,other
kw34hhw7xg-3/Cycled with Arbitrary Uses Profiles/#67/LR1865SZ_first20cycle210120_003_5.xlsx,记录表.Test_Time(s),object,315004,315004,0,,,other
kw34hhw7xg-3/Cycled with Arbitrary Uses Profiles/#67/LR1865SZ_first20cycle210120_003_5.xlsx,记录表.Current(A),float64,315004,315004,0,,,current_or_rate_candidate
kw34hhw7xg-3/Cycled with Arbitrary Uses Profiles/#67/LR1865SZ_first20cycle210120_003_5.xlsx,记录表.Capacity(Ah),float64,315004,315004,0,,,capacity_candidate
kw34hhw7xg-3/Cycled with Arbitrary Uses Profiles/#67/LR1865SZ_first20cycle210120_003_5.xlsx,记录表.Voltage(V),float64,315004,315004,0,,,other
kw34hhw7xg-3/Cycled with Arbitrary Uses Profiles/#67/LR1865SZ_first20cycle210120_003_5.xlsx,记录表.Energy(Wh),float64,315004,315004,0,,,other
kw34hhw7xg-3/Cycled with Arbitrary Uses Profiles/#67/LR1865SZ_first20cycle210120_003_5.xlsx,记录表.Temperature(℃),float64,315004,315004,0,,,other
kw34hhw7xg-3/Cycled with Arbitrary Uses Profiles/#67/LR1865SZ_first20cycle210120_003_5.xlsx,记录表.Date_Time,datetime64[ns],315004,315004,,,,other
kw34hhw7xg-3/Cycled with Arbitrary Uses Profiles/#67/LR1865SZ_first20cycle210120_003_5.xlsx,记录表.Cycle_Index,int64,315004,315004,0,1.0,21.0,physical_cycle_candidate
kw34hhw7xg-3/Cycled with Arbitrary Uses Profiles/#68/LR1865SZ_cycles210124_003_7.xlsx,记录表.Data_Point,int64,237554,237554,0,,,other
kw34hhw7xg-3/Cycled with Arbitrary Uses Profiles/#68/LR1865SZ_cycles210124_003_7.xlsx,记录表.Test_Time(s),object,237554,237554,0,,,other
kw34hhw7xg-3/Cycled with Arbitrary Uses Profiles/#68/LR1865SZ_cycles210124_003_7.xlsx,记录表.Current(A),float64,237554,237554,0,,,current_or_rate_candidate
kw34hhw7xg-3/Cycled with Arbitrary Uses Profiles/#68/LR1865SZ_cycles210124_003_7.xlsx,记录表.Capacity(Ah),float64,237554,237554,0,,,capacity_candidate
kw34hhw7xg-3/Cycled with Arbitrary Uses Profiles/#68/LR1865SZ_cycles210124_003_7.xlsx,记录表.Voltage(V),float64,237554,237554,0,,,other
kw34hhw7xg-3/Cycled with Arbitrary Uses Profiles/#68/LR1865SZ_cycles210124_003_7.xlsx,记录表.Energy(Wh),float64,237554,237554,0,,,other
kw34hhw7xg-3/Cycled with Arbitrary Uses Profiles/#68/LR1865SZ_cycles210124_003_7.xlsx,记录表.Temperature(℃),float64,237554,237554,0,,,other
kw34hhw7xg-3/Cycled with Arbitrary Uses Profiles/#68/LR1865SZ_cycles210124_003_7.xlsx,记录表.Date_Time,datetime64[ns],237554,237554,,,,other
kw34hhw7xg-3/Cycled with Arbitrary Uses Profiles/#68/LR1865SZ_cycles210124_003_7.xlsx,记录表.Cycle_Index,int64,237554,237554,0,1.0,101.0,physical_cycle_candidate
kw34hhw7xg-3/Cycled with Arbitrary Uses Profiles/#68/LR1865SZ_first20cycle210120_003_7.xlsx,记录表.Data_Point,int64,318423,318423,0,,,other
kw34hhw7xg-3/Cycled with Arbitrary Uses Profiles/#68/LR1865SZ_first20cycle210120_003_7.xlsx,记录表.Test_Time(s),object,318423,318423,0,,,other
kw34hhw7xg-3/Cycled with Arbitrary Uses Profiles/#68/LR1865SZ_first20cycle210120_003_7.xlsx,记录表.Current(A),float64,318423,318423,0,,,current_or_rate_candidate
kw34hhw7xg-3/Cycled with Arbitrary Uses Profiles/#68/LR1865SZ_first20cycle210120_003_7.xlsx,记录表.Capacity(Ah),float64,318423,318423,0,,,capacity_candidate
kw34hhw7xg-3/Cycled with Arbitrary Uses Profiles/#68/LR1865SZ_first20cycle210120_003_7.xlsx,记录表.Voltage(V),float64,318423,318423,0,,,other
kw34hhw7xg-3/Cycled with Arbitrary Uses Profiles/#68/LR1865SZ_first20cycle210120_003_7.xlsx,记录表.Energy(Wh),float64,318423,318423,0,,,other
kw34hhw7xg-3/Cycled with Arbitrary Uses Profiles/#68/LR1865SZ_first20cycle210120_003_7.xlsx,记录表.Temperature(℃),float64,318423,318423,0,,,other
kw34hhw7xg-3/Cycled with Arbitrary Uses Profiles/#68/LR1865SZ_first20cycle210120_003_7.xlsx,记录表.Date_Time,datetime64[ns],318423,318423,,,,other
kw34hhw7xg-3/Cycled with Arbitrary Uses Profiles/#68/LR1865SZ_first20cycle210120_003_7.xlsx,记录表.Cycle_Index,int64,318423,318423,0,1.0,21.0,physical_cycle_candidate
kw34hhw7xg-3/Cycled with Arbitrary Uses Profiles/#69/LR1865SZ_cycles210124_003_8.xlsx,记录表.Data_Point,int64,292044,292044,0,,,other
kw34hhw7xg-3/Cycled with Arbitrary Uses Profiles/#69/LR1865SZ_cycles210124_003_8.xlsx,记录表.Test_Time(s),object,292044,292044,0,,,other
kw34hhw7xg-3/Cycled with Arbitrary Uses Profiles/#69/LR1865SZ_cycles210124_003_8.xlsx,记录表.Current(A),float64,292044,292044,0,,,current_or_rate_candidate
kw34hhw7xg-3/Cycled with Arbitrary Uses Profiles/#69/LR1865SZ_cycles210124_003_8.xlsx,记录表.Capacity(Ah),float64,292044,292044,0,,,capacity_candidate
kw34hhw7xg-3/Cycled with Arbitrary Uses Profiles/#69/LR1865SZ_cycles210124_003_8.xlsx,记录表.Voltage(V),float64,292044,292044,0,,,other
kw34hhw7xg-3/Cycled with Arbitrary Uses Profiles/#69/LR1865SZ_cycles210124_003_8.xlsx,记录表.Energy(Wh),float64,292044,292044,0,,,other
kw34hhw7xg-3/Cycled with Arbitrary Uses Profiles/#69/LR1865SZ_cycles210124_003_8.xlsx,记录表.Temperature(℃),float64,292044,292044,0,,,other
kw34hhw7xg-3/Cycled with Arbitrary Uses Profiles/#69/LR1865SZ_cycles210124_003_8.xlsx,记录表.Date_Time,datetime64[ns],292044,292044,,,,other
kw34hhw7xg-3/Cycled with Arbitrary Uses Profiles/#69/LR1865SZ_cycles210124_003_8.xlsx,记录表.Cycle_Index,int64,292044,292044,0,1.0,101.0,physical_cycle_candidate
kw34hhw7xg-3/Cycled with Arbitrary Uses Profiles/#69/LR1865SZ_first20cycle210120_003_8.xlsx,记录表.Data_Point,int64,312223,312223,0,,,other
kw34hhw7xg-3/Cycled with Arbitrary Uses Profiles/#69/LR1865SZ_first20cycle210120_003_8.xlsx,记录表.Test_Time(s),object,312223,312223,0,,,other
kw34hhw7xg-3/Cycled with Arbitrary Uses Profiles/#69/LR1865SZ_first20cycle210120_003_8.xlsx,记录表.Current(A),float64,312223,312223,0,,,current_or_rate_candidate
kw34hhw7xg-3/Cycled with Arbitrary Uses Profiles/#69/LR1865SZ_first20cycle210120_003_8.xlsx,记录表.Capacity(Ah),float64,312223,312223,0,,,capacity_candidate
kw34hhw7xg-3/Cycled with Arbitrary Uses Profiles/#69/LR1865SZ_first20cycle210120_003_8.xlsx,记录表.Voltage(V),float64,312223,312223,0,,,other
kw34hhw7xg-3/Cycled with Arbitrary Uses Profiles/#69/LR1865SZ_first20cycle210120_003_8.xlsx,记录表.Energy(Wh),float64,312223,312223,0,,,other
kw34hhw7xg-3/Cycled with Arbitrary Uses Profiles/#69/LR1865SZ_first20cycle210120_003_8.xlsx,记录表.Temperature(℃),float64,312223,312223,0,,,other
kw34hhw7xg-3/Cycled with Arbitrary Uses Profiles/#69/LR1865SZ_first20cycle210120_003_8.xlsx,记录表.Date_Time,datetime64[ns],312223,312223,,,,other
kw34hhw7xg-3/Cycled with Arbitrary Uses Profiles/#69/LR1865SZ_first20cycle210120_003_8.xlsx,记录表.Cycle_Index,int64,312223,312223,0,1.0,21.0,physical_cycle_candidate
kw34hhw7xg-3/Cycled with Arbitrary Uses Profiles/#7/LR1865SZ_cycles201229_001_2.xlsx,记录表.Data_Point,int64,212104,212104,0,,,other
kw34hhw7xg-3/Cycled with Arbitrary Uses Profiles/#7/LR1865SZ_cycles201229_001_2.xlsx,记录表.Test_Time(s),object,212104,212104,0,,,other
kw34hhw7xg-3/Cycled with Arbitrary Uses Profiles/#7/LR1865SZ_cycles201229_001_2.xlsx,记录表.Current(A),float64,212104,212104,0,,,current_or_rate_candidate
kw34hhw7xg-3/Cycled with Arbitrary Uses Profiles/#7/LR1865SZ_cycles201229_001_2.xlsx,记录表.Capacity(Ah),float64,212104,212104,0,,,capacity_candidate
kw34hhw7xg-3/Cycled with Arbitrary Uses Profiles/#7/LR1865SZ_cycles201229_001_2.xlsx,记录表.Voltage(V),float64,212104,212104,0,,,other
kw34hhw7xg-3/Cycled with Arbitrary Uses Profiles/#7/LR1865SZ_cycles201229_001_2.xlsx,记录表.Energy(Wh),float64,212104,212104,0,,,other
kw34hhw7xg-3/Cycled with Arbitrary Uses Profiles/#7/LR1865SZ_cycles201229_001_2.xlsx,记录表.Temperature(℃),float64,212104,212104,0,,,other
kw34hhw7xg-3/Cycled with Arbitrary Uses Profiles/#7/LR1865SZ_cycles201229_001_2.xlsx,记录表.Date_Time,datetime64[ns],212104,212104,,,,other
kw34hhw7xg-3/Cycled with Arbitrary Uses Profiles/#7/LR1865SZ_cycles201229_001_2.xlsx,记录表.Cycle_Index,int64,212104,212104,0,1.0,101.0,physical_cycle_candidate
kw34hhw7xg-3/Cycled with Arbitrary Uses Profiles/#7/LR1865SZ_first20cycle201225_001_2.xlsx,记录表.Data_Point,int64,323800,323800,0,,,other
kw34hhw7xg-3/Cycled with Arbitrary Uses Profiles/#7/LR1865SZ_first20cycle201225_001_2.xlsx,记录表.Test_Time(s),object,323800,323800,0,,,other
kw34hhw7xg-3/Cycled with Arbitrary Uses Profiles/#7/LR1865SZ_first20cycle201225_001_2.xlsx,记录表.Current(A),float64,323800,323800,0,,,current_or_rate_candidate
kw34hhw7xg-3/Cycled with Arbitrary Uses Profiles/#7/LR1865SZ_first20cycle201225_001_2.xlsx,记录表.Capacity(Ah),float64,323800,323800,0,,,capacity_candidate
kw34hhw7xg-3/Cycled with Arbitrary Uses Profiles/#7/LR1865SZ_first20cycle201225_001_2.xlsx,记录表.Voltage(V),float64,323800,323800,0,,,other
kw34hhw7xg-3/Cycled with Arbitrary Uses Profiles/#7/LR1865SZ_first20cycle201225_001_2.xlsx,记录表.Energy(Wh),float64,323800,323800,0,,,other
kw34hhw7xg-3/Cycled with Arbitrary Uses Profiles/#7/LR1865SZ_first20cycle201225_001_2.xlsx,记录表.Temperature(℃),float64,323800,323800,0,,,other
kw34hhw7xg-3/Cycled with Arbitrary Uses Profiles/#7/LR1865SZ_first20cycle201225_001_2.xlsx,记录表.Date_Time,datetime64[ns],323800,323800,,,,other
kw34hhw7xg-3/Cycled with Arbitrary Uses Profiles/#7/LR1865SZ_first20cycle201225_001_2.xlsx,记录表.Cycle_Index,int64,323800,323800,0,1.0,21.0,physical_cycle_candidate
kw34hhw7xg-3/Cycled with Arbitrary Uses Profiles/#70/LR1865SZ_cycles210126_004_1.xlsx,记录表.Data_Point,int64,268507,268507,0,,,other
kw34hhw7xg-3/Cycled with Arbitrary Uses Profiles/#70/LR1865SZ_cycles210126_004_1.xlsx,记录表.Test_Time(s),object,268507,268507,0,,,other
kw34hhw7xg-3/Cycled with Arbitrary Uses Profiles/#70/LR1865SZ_cycles210126_004_1.xlsx,记录表.Current(A),float64,268507,268507,0,,,current_or_rate_candidate
kw34hhw7xg-3/Cycled with Arbitrary Uses Profiles/#70/LR1865SZ_cycles210126_004_1.xlsx,记录表.Capacity(Ah),float64,268507,268507,0,,,capacity_candidate
kw34hhw7xg-3/Cycled with Arbitrary Uses Profiles/#70/LR1865SZ_cycles210126_004_1.xlsx,记录表.Voltage(V),float64,268507,268507,0,,,other
kw34hhw7xg-3/Cycled with Arbitrary Uses Profiles/#70/LR1865SZ_cycles210126_004_1.xlsx,记录表.Energy(Wh),float64,268507,268507,0,,,other
kw34hhw7xg-3/Cycled with Arbitrary Uses Profiles/#70/LR1865SZ_cycles210126_004_1.xlsx,记录表.Temperature(℃),float64,268507,268507,0,,,other
kw34hhw7xg-3/Cycled with Arbitrary Uses Profiles/#70/LR1865SZ_cycles210126_004_1.xlsx,记录表.Date_Time,datetime64[ns],268507,268507,,,,other
kw34hhw7xg-3/Cycled with Arbitrary Uses Profiles/#70/LR1865SZ_cycles210126_004_1.xlsx,记录表.Cycle_Index,int64,268507,268507,0,1.0,101.0,physical_cycle_candidate
kw34hhw7xg-3/Cycled with Arbitrary Uses Profiles/#70/LR1865SZ_first20cycle210122_004_1.xlsx,记录表.Data_Point,int64,304609,304609,0,,,other
kw34hhw7xg-3/Cycled with Arbitrary Uses Profiles/#70/LR1865SZ_first20cycle210122_004_1.xlsx,记录表.Test_Time(s),object,304609,304609,0,,,other
kw34hhw7xg-3/Cycled with Arbitrary Uses Profiles/#70/LR1865SZ_first20cycle210122_004_1.xlsx,记录表.Current(A),float64,304609,304609,0,,,current_or_rate_candidate
kw34hhw7xg-3/Cycled with Arbitrary Uses Profiles/#70/LR1865SZ_first20cycle210122_004_1.xlsx,记录表.Capacity(Ah),float64,304609,304609,0,,,capacity_candidate
kw34hhw7xg-3/Cycled with Arbitrary Uses Profiles/#70/LR1865SZ_first20cycle210122_004_1.xlsx,记录表.Voltage(V),float64,304609,304609,0,,,other
kw34hhw7xg-3/Cycled with Arbitrary Uses Profiles/#70/LR1865SZ_first20cycle210122_004_1.xlsx,记录表.Energy(Wh),float64,304609,304609,0,,,other
kw34hhw7xg-3/Cycled with Arbitrary Uses Profiles/#70/LR1865SZ_first20cycle210122_004_1.xlsx,记录表.Temperature(℃),float64,304609,304609,0,,,other
kw34hhw7xg-3/Cycled with Arbitrary Uses Profiles/#70/LR1865SZ_first20cycle210122_004_1.xlsx,记录表.Date_Time,datetime64[ns],304609,304609,,,,other
kw34hhw7xg-3/Cycled with Arbitrary Uses Profiles/#70/LR1865SZ_first20cycle210122_004_1.xlsx,记录表.Cycle_Index,int64,304609,304609,0,1.0,21.0,physical_cycle_candidate
kw34hhw7xg-3/Cycled with Arbitrary Uses Profiles/#71/LR1865SZ_cycles210126_004_2.xlsx,记录表.Data_Point,int64,271231,271231,0,,,other
kw34hhw7xg-3/Cycled with Arbitrary Uses Profiles/#71/LR1865SZ_cycles210126_004_2.xlsx,记录表.Test_Time(s),object,271231,271231,0,,,other
kw34hhw7xg-3/Cycled with Arbitrary Uses Profiles/#71/LR1865SZ_cycles210126_004_2.xlsx,记录表.Current(A),float64,271231,271231,0,,,current_or_rate_candidate
kw34hhw7xg-3/Cycled with Arbitrary Uses Profiles/#71/LR1865SZ_cycles210126_004_2.xlsx,记录表.Capacity(Ah),float64,271231,271231,0,,,capacity_candidate
kw34hhw7xg-3/Cycled with Arbitrary Uses Profiles/#71/LR1865SZ_cycles210126_004_2.xlsx,记录表.Voltage(V),float64,271231,271231,0,,,other
kw34hhw7xg-3/Cycled with Arbitrary Uses Profiles/#71/LR1865SZ_cycles210126_004_2.xlsx,记录表.Energy(Wh),float64,271231,271231,0,,,other
kw34hhw7xg-3/Cycled with Arbitrary Uses Profiles/#71/LR1865SZ_cycles210126_004_2.xlsx,记录表.Temperature(℃),float64,271231,271231,0,,,other
kw34hhw7xg-3/Cycled with Arbitrary Uses Profiles/#71/LR1865SZ_cycles210126_004_2.xlsx,记录表.Date_Time,datetime64[ns],271231,271231,,,,other
kw34hhw7xg-3/Cycled with Arbitrary Uses Profiles/#71/LR1865SZ_cycles210126_004_2.xlsx,记录表.Cycle_Index,int64,271231,271231,0,1.0,101.0,physical_cycle_candidate
kw34hhw7xg-3/Cycled with Arbitrary Uses Profiles/#71/LR1865SZ_first20cycle210122_004_2.xlsx,记录表.Data_Point,int64,305509,305509,0,,,other
kw34hhw7xg-3/Cycled with Arbitrary Uses Profiles/#71/LR1865SZ_first20cycle210122_004_2.xlsx,记录表.Test_Time(s),object,305509,305509,0,,,other
kw34hhw7xg-3/Cycled with Arbitrary Uses Profiles/#71/LR1865SZ_first20cycle210122_004_2.xlsx,记录表.Current(A),float64,305509,305509,0,,,current_or_rate_candidate
kw34hhw7xg-3/Cycled with Arbitrary Uses Profiles/#71/LR1865SZ_first20cycle210122_004_2.xlsx,记录表.Capacity(Ah),float64,305509,305509,0,,,capacity_candidate
kw34hhw7xg-3/Cycled with Arbitrary Uses Profiles/#71/LR1865SZ_first20cycle210122_004_2.xlsx,记录表.Voltage(V),float64,305509,305509,0,,,other
kw34hhw7xg-3/Cycled with Arbitrary Uses Profiles/#71/LR1865SZ_first20cycle210122_004_2.xlsx,记录表.Energy(Wh),float64,305509,305509,0,,,other
kw34hhw7xg-3/Cycled with Arbitrary Uses Profiles/#71/LR1865SZ_first20cycle210122_004_2.xlsx,记录表.Temperature(℃),float64,305509,305509,0,,,other
kw34hhw7xg-3/Cycled with Arbitrary Uses Profiles/#71/LR1865SZ_first20cycle210122_004_2.xlsx,记录表.Date_Time,datetime64[ns],305509,305509,,,,other
kw34hhw7xg-3/Cycled with Arbitrary Uses Profiles/#71/LR1865SZ_first20cycle210122_004_2.xlsx,记录表.Cycle_Index,int64,305509,305509,0,1.0,21.0,physical_cycle_candidate
kw34hhw7xg-3/Cycled with Arbitrary Uses Profiles/#72/LR1865SZ_cycles210126_004_3.xlsx,记录表.Data_Point,int64,269357,269357,0,,,other
kw34hhw7xg-3/Cycled with Arbitrary Uses Profiles/#72/LR1865SZ_cycles210126_004_3.xlsx,记录表.Test_Time(s),object,269357,269357,0,,,other
kw34hhw7xg-3/Cycled with Arbitrary Uses Profiles/#72/LR1865SZ_cycles210126_004_3.xlsx,记录表.Current(A),float64,269357,269357,0,,,current_or_rate_candidate
kw34hhw7xg-3/Cycled with Arbitrary Uses Profiles/#72/LR1865SZ_cycles210126_004_3.xlsx,记录表.Capacity(Ah),float64,269357,269357,0,,,capacity_candidate
kw34hhw7xg-3/Cycled with Arbitrary Uses Profiles/#72/LR1865SZ_cycles210126_004_3.xlsx,记录表.Voltage(V),float64,269357,269357,0,,,other
kw34hhw7xg-3/Cycled with Arbitrary Uses Profiles/#72/LR1865SZ_cycles210126_004_3.xlsx,记录表.Energy(Wh),float64,269357,269357,0,,,other
kw34hhw7xg-3/Cycled with Arbitrary Uses Profiles/#72/LR1865SZ_cycles210126_004_3.xlsx,记录表.Temperature(℃),float64,269357,269357,0,,,other
kw34hhw7xg-3/Cycled with Arbitrary Uses Profiles/#72/LR1865SZ_cycles210126_004_3.xlsx,记录表.Date_Time,datetime64[ns],269357,269357,,,,other
kw34hhw7xg-3/Cycled with Arbitrary Uses Profiles/#72/LR1865SZ_cycles210126_004_3.xlsx,记录表.Cycle_Index,int64,269357,269357,0,1.0,101.0,physical_cycle_candidate
kw34hhw7xg-3/Cycled with Arbitrary Uses Profiles/#72/LR1865SZ_first20cycle210122_004_3.xlsx,记录表.Data_Point,int64,305682,305682,0,,,other
kw34hhw7xg-3/Cycled with Arbitrary Uses Profiles/#72/LR1865SZ_first20cycle210122_004_3.xlsx,记录表.Test_Time(s),object,305682,305682,0,,,other
kw34hhw7xg-3/Cycled with Arbitrary Uses Profiles/#72/LR1865SZ_first20cycle210122_004_3.xlsx,记录表.Current(A),float64,305682,305682,0,,,current_or_rate_candidate
kw34hhw7xg-3/Cycled with Arbitrary Uses Profiles/#72/LR1865SZ_first20cycle210122_004_3.xlsx,记录表.Capacity(Ah),float64,305682,305682,0,,,capacity_candidate
kw34hhw7xg-3/Cycled with Arbitrary Uses Profiles/#72/LR1865SZ_first20cycle210122_004_3.xlsx,记录表.Voltage(V),float64,305682,305682,0,,,other
kw34hhw7xg-3/Cycled with Arbitrary Uses Profiles/#72/LR1865SZ_first20cycle210122_004_3.xlsx,记录表.Energy(Wh),float64,305682,305682,0,,,other
kw34hhw7xg-3/Cycled with Arbitrary Uses Profiles/#72/LR1865SZ_first20cycle210122_004_3.xlsx,记录表.Temperature(℃),float64,305682,305682,0,,,other
kw34hhw7xg-3/Cycled with Arbitrary Uses Profiles/#72/LR1865SZ_first20cycle210122_004_3.xlsx,记录表.Date_Time,datetime64[ns],305682,305682,,,,other
kw34hhw7xg-3/Cycled with Arbitrary Uses Profiles/#72/LR1865SZ_first20cycle210122_004_3.xlsx,记录表.Cycle_Index,int64,305682,305682,0,1.0,21.0,physical_cycle_candidate
kw34hhw7xg-3/Cycled with Arbitrary Uses Profiles/#73/LR1865SZ_cycles210126_004_4.xlsx,记录表.Data_Point,int64,235889,235889,0,,,other
kw34hhw7xg-3/Cycled with Arbitrary Uses Profiles/#73/LR1865SZ_cycles210126_004_4.xlsx,记录表.Test_Time(s),object,235889,235889,0,,,other
kw34hhw7xg-3/Cycled with Arbitrary Uses Profiles/#73/LR1865SZ_cycles210126_004_4.xlsx,记录表.Current(A),float64,235889,235889,0,,,current_or_rate_candidate
kw34hhw7xg-3/Cycled with Arbitrary Uses Profiles/#73/LR1865SZ_cycles210126_004_4.xlsx,记录表.Capacity(Ah),float64,235889,235889,0,,,capacity_candidate
kw34hhw7xg-3/Cycled with Arbitrary Uses Profiles/#73/LR1865SZ_cycles210126_004_4.xlsx,记录表.Voltage(V),float64,235889,235889,0,,,other
kw34hhw7xg-3/Cycled with Arbitrary Uses Profiles/#73/LR1865SZ_cycles210126_004_4.xlsx,记录表.Energy(Wh),float64,235889,235889,0,,,other
kw34hhw7xg-3/Cycled with Arbitrary Uses Profiles/#73/LR1865SZ_cycles210126_004_4.xlsx,记录表.Temperature(℃),float64,235889,235889,0,,,other
kw34hhw7xg-3/Cycled with Arbitrary Uses Profiles/#73/LR1865SZ_cycles210126_004_4.xlsx,记录表.Date_Time,datetime64[ns],235889,235889,,,,other
kw34hhw7xg-3/Cycled with Arbitrary Uses Profiles/#73/LR1865SZ_cycles210126_004_4.xlsx,记录表.Cycle_Index,int64,235889,235889,0,1.0,101.0,physical_cycle_candidate
kw34hhw7xg-3/Cycled with Arbitrary Uses Profiles/#73/LR1865SZ_first20cycle210122_004_4.xlsx,记录表.Data_Point,int64,309134,309134,0,,,other
kw34hhw7xg-3/Cycled with Arbitrary Uses Profiles/#73/LR1865SZ_first20cycle210122_004_4.xlsx,记录表.Test_Time(s),object,309134,309134,0,,,other
kw34hhw7xg-3/Cycled with Arbitrary Uses Profiles/#73/LR1865SZ_first20cycle210122_004_4.xlsx,记录表.Current(A),float64,309134,309134,0,,,current_or_rate_candidate
kw34hhw7xg-3/Cycled with Arbitrary Uses Profiles/#73/LR1865SZ_first20cycle210122_004_4.xlsx,记录表.Capacity(Ah),float64,309134,309134,0,,,capacity_candidate
kw34hhw7xg-3/Cycled with Arbitrary Uses Profiles/#73/LR1865SZ_first20cycle210122_004_4.xlsx,记录表.Voltage(V),float64,309134,309134,0,,,other
kw34hhw7xg-3/Cycled with Arbitrary Uses Profiles/#73/LR1865SZ_first20cycle210122_004_4.xlsx,记录表.Energy(Wh),float64,309134,309134,0,,,other
kw34hhw7xg-3/Cycled with Arbitrary Uses Profiles/#73/LR1865SZ_first20cycle210122_004_4.xlsx,记录表.Temperature(℃),float64,309134,309134,0,,,other
kw34hhw7xg-3/Cycled with Arbitrary Uses Profiles/#73/LR1865SZ_first20cycle210122_004_4.xlsx,记录表.Date_Time,datetime64[ns],309134,309134,,,,other
kw34hhw7xg-3/Cycled with Arbitrary Uses Profiles/#73/LR1865SZ_first20cycle210122_004_4.xlsx,记录表.Cycle_Index,int64,309134,309134,0,1.0,21.0,physical_cycle_candidate
kw34hhw7xg-3/Cycled with Arbitrary Uses Profiles/#74/LR1865SZ_cycles210126_004_5.xlsx,记录表.Data_Point,int64,238457,238457,0,,,other
kw34hhw7xg-3/Cycled with Arbitrary Uses Profiles/#74/LR1865SZ_cycles210126_004_5.xlsx,记录表.Test_Time(s),object,238457,238457,0,,,other
kw34hhw7xg-3/Cycled with Arbitrary Uses Profiles/#74/LR1865SZ_cycles210126_004_5.xlsx,记录表.Current(A),float64,238457,238457,0,,,current_or_rate_candidate
kw34hhw7xg-3/Cycled with Arbitrary Uses Profiles/#74/LR1865SZ_cycles210126_004_5.xlsx,记录表.Capacity(Ah),float64,238457,238457,0,,,capacity_candidate
kw34hhw7xg-3/Cycled with Arbitrary Uses Profiles/#74/LR1865SZ_cycles210126_004_5.xlsx,记录表.Voltage(V),float64,238457,238457,0,,,other
kw34hhw7xg-3/Cycled with Arbitrary Uses Profiles/#74/LR1865SZ_cycles210126_004_5.xlsx,记录表.Energy(Wh),float64,238457,238457,0,,,other
kw34hhw7xg-3/Cycled with Arbitrary Uses Profiles/#74/LR1865SZ_cycles210126_004_5.xlsx,记录表.Temperature(℃),float64,238457,238457,0,,,other
kw34hhw7xg-3/Cycled with Arbitrary Uses Profiles/#74/LR1865SZ_cycles210126_004_5.xlsx,记录表.Date_Time,datetime64[ns],238457,238457,,,,other
kw34hhw7xg-3/Cycled with Arbitrary Uses Profiles/#74/LR1865SZ_cycles210126_004_5.xlsx,记录表.Cycle_Index,int64,238457,238457,0,1.0,101.0,physical_cycle_candidate
kw34hhw7xg-3/Cycled with Arbitrary Uses Profiles/#74/LR1865SZ_first20cycle210122_004_5.xlsx,记录表.Data_Point,int64,304672,304672,0,,,other
kw34hhw7xg-3/Cycled with Arbitrary Uses Profiles/#74/LR1865SZ_first20cycle210122_004_5.xlsx,记录表.Test_Time(s),object,304672,304672,0,,,other
kw34hhw7xg-3/Cycled with Arbitrary Uses Profiles/#74/LR1865SZ_first20cycle210122_004_5.xlsx,记录表.Current(A),float64,304672,304672,0,,,current_or_rate_candidate
kw34hhw7xg-3/Cycled with Arbitrary Uses Profiles/#74/LR1865SZ_first20cycle210122_004_5.xlsx,记录表.Capacity(Ah),float64,304672,304672,0,,,capacity_candidate
kw34hhw7xg-3/Cycled with Arbitrary Uses Profiles/#74/LR1865SZ_first20cycle210122_004_5.xlsx,记录表.Voltage(V),float64,304672,304672,0,,,other
kw34hhw7xg-3/Cycled with Arbitrary Uses Profiles/#74/LR1865SZ_first20cycle210122_004_5.xlsx,记录表.Energy(Wh),float64,304672,304672,0,,,other
kw34hhw7xg-3/Cycled with Arbitrary Uses Profiles/#74/LR1865SZ_first20cycle210122_004_5.xlsx,记录表.Temperature(℃),float64,304672,304672,0,,,other
kw34hhw7xg-3/Cycled with Arbitrary Uses Profiles/#74/LR1865SZ_first20cycle210122_004_5.xlsx,记录表.Date_Time,datetime64[ns],304672,304672,,,,other
kw34hhw7xg-3/Cycled with Arbitrary Uses Profiles/#74/LR1865SZ_first20cycle210122_004_5.xlsx,记录表.Cycle_Index,int64,304672,304672,0,1.0,21.0,physical_cycle_candidate
kw34hhw7xg-3/Cycled with Arbitrary Uses Profiles/#75/LR1865SZ_cycles210126_004_6.xlsx,记录表.Data_Point,int64,231584,231584,0,,,other
kw34hhw7xg-3/Cycled with Arbitrary Uses Profiles/#75/LR1865SZ_cycles210126_004_6.xlsx,记录表.Test_Time(s),object,231584,231584,0,,,other
kw34hhw7xg-3/Cycled with Arbitrary Uses Profiles/#75/LR1865SZ_cycles210126_004_6.xlsx,记录表.Current(A),float64,231584,231584,0,,,current_or_rate_candidate
kw34hhw7xg-3/Cycled with Arbitrary Uses Profiles/#75/LR1865SZ_cycles210126_004_6.xlsx,记录表.Capacity(Ah),float64,231584,231584,0,,,capacity_candidate
kw34hhw7xg-3/Cycled with Arbitrary Uses Profiles/#75/LR1865SZ_cycles210126_004_6.xlsx,记录表.Voltage(V),float64,231584,231584,0,,,other
kw34hhw7xg-3/Cycled with Arbitrary Uses Profiles/#75/LR1865SZ_cycles210126_004_6.xlsx,记录表.Energy(Wh),float64,231584,231584,0,,,other
kw34hhw7xg-3/Cycled with Arbitrary Uses Profiles/#75/LR1865SZ_cycles210126_004_6.xlsx,记录表.Temperature(℃),float64,231584,231584,0,,,other
kw34hhw7xg-3/Cycled with Arbitrary Uses Profiles/#75/LR1865SZ_cycles210126_004_6.xlsx,记录表.Date_Time,datetime64[ns],231584,231584,,,,other
kw34hhw7xg-3/Cycled with Arbitrary Uses Profiles/#75/LR1865SZ_cycles210126_004_6.xlsx,记录表.Cycle_Index,int64,231584,231584,0,1.0,101.0,physical_cycle_candidate
kw34hhw7xg-3/Cycled with Arbitrary Uses Profiles/#75/LR1865SZ_first20cycle210122_004_6.xlsx,记录表.Data_Point,int64,316807,316807,0,,,other
kw34hhw7xg-3/Cycled with Arbitrary Uses Profiles/#75/LR1865SZ_first20cycle210122_004_6.xlsx,记录表.Test_Time(s),object,316807,316807,0,,,other
kw34hhw7xg-3/Cycled with Arbitrary Uses Profiles/#75/LR1865SZ_first20cycle210122_004_6.xlsx,记录表.Current(A),float64,316807,316807,0,,,current_or_rate_candidate
kw34hhw7xg-3/Cycled with Arbitrary Uses Profiles/#75/LR1865SZ_first20cycle210122_004_6.xlsx,记录表.Capacity(Ah),float64,316807,316807,0,,,capacity_candidate
kw34hhw7xg-3/Cycled with Arbitrary Uses Profiles/#75/LR1865SZ_first20cycle210122_004_6.xlsx,记录表.Voltage(V),float64,316807,316807,0,,,other
kw34hhw7xg-3/Cycled with Arbitrary Uses Profiles/#75/LR1865SZ_first20cycle210122_004_6.xlsx,记录表.Energy(Wh),float64,316807,316807,0,,,other
kw34hhw7xg-3/Cycled with Arbitrary Uses Profiles/#75/LR1865SZ_first20cycle210122_004_6.xlsx,记录表.Temperature(℃),float64,316807,316807,0,,,other
kw34hhw7xg-3/Cycled with Arbitrary Uses Profiles/#75/LR1865SZ_first20cycle210122_004_6.xlsx,记录表.Date_Time,datetime64[ns],316807,316807,,,,other
kw34hhw7xg-3/Cycled with Arbitrary Uses Profiles/#75/LR1865SZ_first20cycle210122_004_6.xlsx,记录表.Cycle_Index,int64,316807,316807,0,1.0,21.0,physical_cycle_candidate
kw34hhw7xg-3/Cycled with Arbitrary Uses Profiles/#76/LR1865SZ_cycles210126_005_5.xlsx,记录表.Data_Point,int64,260806,260806,0,,,other
kw34hhw7xg-3/Cycled with Arbitrary Uses Profiles/#76/LR1865SZ_cycles210126_005_5.xlsx,记录表.Test_Time(s),object,260806,260806,0,,,other
kw34hhw7xg-3/Cycled with Arbitrary Uses Profiles/#76/LR1865SZ_cycles210126_005_5.xlsx,记录表.Current(A),float64,260806,260806,0,,,current_or_rate_candidate
kw34hhw7xg-3/Cycled with Arbitrary Uses Profiles/#76/LR1865SZ_cycles210126_005_5.xlsx,记录表.Capacity(Ah),float64,260806,260806,0,,,capacity_candidate
kw34hhw7xg-3/Cycled with Arbitrary Uses Profiles/#76/LR1865SZ_cycles210126_005_5.xlsx,记录表.Voltage(V),float64,260806,260806,0,,,other
kw34hhw7xg-3/Cycled with Arbitrary Uses Profiles/#76/LR1865SZ_cycles210126_005_5.xlsx,记录表.Energy(Wh),float64,260806,260806,0,,,other
kw34hhw7xg-3/Cycled with Arbitrary Uses Profiles/#76/LR1865SZ_cycles210126_005_5.xlsx,记录表.Temperature(℃),float64,260806,260806,0,,,other
kw34hhw7xg-3/Cycled with Arbitrary Uses Profiles/#76/LR1865SZ_cycles210126_005_5.xlsx,记录表.Date_Time,datetime64[ns],260806,260806,,,,other
kw34hhw7xg-3/Cycled with Arbitrary Uses Profiles/#76/LR1865SZ_cycles210126_005_5.xlsx,记录表.Cycle_Index,int64,260806,260806,0,1.0,101.0,physical_cycle_candidate
kw34hhw7xg-3/Cycled with Arbitrary Uses Profiles/#76/LR1865SZ_first20cycle210122_005_5.xlsx,记录表.Data_Point,int64,308703,308703,0,,,other
kw34hhw7xg-3/Cycled with Arbitrary Uses Profiles/#76/LR1865SZ_first20cycle210122_005_5.xlsx,记录表.Test_Time(s),object,308703,308703,0,,,other
kw34hhw7xg-3/Cycled with Arbitrary Uses Profiles/#76/LR1865SZ_first20cycle210122_005_5.xlsx,记录表.Current(A),float64,308703,308703,0,,,current_or_rate_candidate
kw34hhw7xg-3/Cycled with Arbitrary Uses Profiles/#76/LR1865SZ_first20cycle210122_005_5.xlsx,记录表.Capacity(Ah),float64,308703,308703,0,,,capacity_candidate
kw34hhw7xg-3/Cycled with Arbitrary Uses Profiles/#76/LR1865SZ_first20cycle210122_005_5.xlsx,记录表.Voltage(V),float64,308703,308703,0,,,other
kw34hhw7xg-3/Cycled with Arbitrary Uses Profiles/#76/LR1865SZ_first20cycle210122_005_5.xlsx,记录表.Energy(Wh),float64,308703,308703,0,,,other
kw34hhw7xg-3/Cycled with Arbitrary Uses Profiles/#76/LR1865SZ_first20cycle210122_005_5.xlsx,记录表.Temperature(℃),float64,308703,308703,0,,,other
kw34hhw7xg-3/Cycled with Arbitrary Uses Profiles/#76/LR1865SZ_first20cycle210122_005_5.xlsx,记录表.Date_Time,datetime64[ns],308703,308703,,,,other
kw34hhw7xg-3/Cycled with Arbitrary Uses Profiles/#76/LR1865SZ_first20cycle210122_005_5.xlsx,记录表.Cycle_Index,int64,308703,308703,0,1.0,21.0,physical_cycle_candidate
kw34hhw7xg-3/Cycled with Arbitrary Uses Profiles/#77/LR1865SZ_cycles210126_005_6.xlsx,记录表.Data_Point,int64,233237,233237,0,,,other
kw34hhw7xg-3/Cycled with Arbitrary Uses Profiles/#77/LR1865SZ_cycles210126_005_6.xlsx,记录表.Test_Time(s),object,233237,233237,0,,,other
kw34hhw7xg-3/Cycled with Arbitrary Uses Profiles/#77/LR1865SZ_cycles210126_005_6.xlsx,记录表.Current(A),float64,233237,233237,0,,,current_or_rate_candidate
kw34hhw7xg-3/Cycled with Arbitrary Uses Profiles/#77/LR1865SZ_cycles210126_005_6.xlsx,记录表.Capacity(Ah),float64,233237,233237,0,,,capacity_candidate
kw34hhw7xg-3/Cycled with Arbitrary Uses Profiles/#77/LR1865SZ_cycles210126_005_6.xlsx,记录表.Voltage(V),float64,233237,233237,0,,,other
kw34hhw7xg-3/Cycled with Arbitrary Uses Profiles/#77/LR1865SZ_cycles210126_005_6.xlsx,记录表.Energy(Wh),float64,233237,233237,0,,,other
kw34hhw7xg-3/Cycled with Arbitrary Uses Profiles/#77/LR1865SZ_cycles210126_005_6.xlsx,记录表.Temperature(℃),float64,233237,233237,0,,,other
kw34hhw7xg-3/Cycled with Arbitrary Uses Profiles/#77/LR1865SZ_cycles210126_005_6.xlsx,记录表.Date_Time,datetime64[ns],233237,233237,,,,other
kw34hhw7xg-3/Cycled with Arbitrary Uses Profiles/#77/LR1865SZ_cycles210126_005_6.xlsx,记录表.Cycle_Index,int64,233237,233237,0,1.0,101.0,physical_cycle_candidate
kw34hhw7xg-3/Cycled with Arbitrary Uses Profiles/#77/LR1865SZ_first20cycle210122_005_6.xlsx,记录表.Data_Point,int64,311112,311112,0,,,other
kw34hhw7xg-3/Cycled with Arbitrary Uses Profiles/#77/LR1865SZ_first20cycle210122_005_6.xlsx,记录表.Test_Time(s),object,311112,311112,0,,,other
kw34hhw7xg-3/Cycled with Arbitrary Uses Profiles/#77/LR1865SZ_first20cycle210122_005_6.xlsx,记录表.Current(A),float64,311112,311112,0,,,current_or_rate_candidate
kw34hhw7xg-3/Cycled with Arbitrary Uses Profiles/#77/LR1865SZ_first20cycle210122_005_6.xlsx,记录表.Capacity(Ah),float64,311112,311112,0,,,capacity_candidate
kw34hhw7xg-3/Cycled with Arbitrary Uses Profiles/#77/LR1865SZ_first20cycle210122_005_6.xlsx,记录表.Voltage(V),float64,311112,311112,0,,,other
kw34hhw7xg-3/Cycled with Arbitrary Uses Profiles/#77/LR1865SZ_first20cycle210122_005_6.xlsx,记录表.Energy(Wh),float64,311112,311112,0,,,other
kw34hhw7xg-3/Cycled with Arbitrary Uses Profiles/#77/LR1865SZ_first20cycle210122_005_6.xlsx,记录表.Temperature(℃),float64,311112,311112,0,,,other
kw34hhw7xg-3/Cycled with Arbitrary Uses Profiles/#77/LR1865SZ_first20cycle210122_005_6.xlsx,记录表.Date_Time,datetime64[ns],311112,311112,,,,other
kw34hhw7xg-3/Cycled with Arbitrary Uses Profiles/#77/LR1865SZ_first20cycle210122_005_6.xlsx,记录表.Cycle_Index,int64,311112,311112,0,1.0,21.0,physical_cycle_candidate
kw34hhw7xg-3/Cycled with Arbitrary Uses Profiles/#8/LR1865SZ_cycles210109_001_2.xlsx,记录表.Data_Point,int64,197217,197217,0,,,other
kw34hhw7xg-3/Cycled with Arbitrary Uses Profiles/#8/LR1865SZ_cycles210109_001_2.xlsx,记录表.Test_Time(s),object,197217,197217,0,,,other
kw34hhw7xg-3/Cycled with Arbitrary Uses Profiles/#8/LR1865SZ_cycles210109_001_2.xlsx,记录表.Current(A),float64,197217,197217,0,,,current_or_rate_candidate
kw34hhw7xg-3/Cycled with Arbitrary Uses Profiles/#8/LR1865SZ_cycles210109_001_2.xlsx,记录表.Capacity(Ah),float64,197217,197217,0,,,capacity_candidate
kw34hhw7xg-3/Cycled with Arbitrary Uses Profiles/#8/LR1865SZ_cycles210109_001_2.xlsx,记录表.Voltage(V),float64,197217,197217,0,,,other
kw34hhw7xg-3/Cycled with Arbitrary Uses Profiles/#8/LR1865SZ_cycles210109_001_2.xlsx,记录表.Energy(Wh),float64,197217,197217,0,,,other
kw34hhw7xg-3/Cycled with Arbitrary Uses Profiles/#8/LR1865SZ_cycles210109_001_2.xlsx,记录表.Temperature(℃),float64,197217,197217,0,,,other
kw34hhw7xg-3/Cycled with Arbitrary Uses Profiles/#8/LR1865SZ_cycles210109_001_2.xlsx,记录表.Date_Time,datetime64[ns],197217,197217,,,,other
kw34hhw7xg-3/Cycled with Arbitrary Uses Profiles/#8/LR1865SZ_cycles210109_001_2.xlsx,记录表.Cycle_Index,int64,197217,197217,0,1.0,101.0,physical_cycle_candidate
kw34hhw7xg-3/Cycled with Arbitrary Uses Profiles/#8/LR1865SZ_first20cycle210105_001_2.xlsx,记录表.Data_Point,int64,318631,318631,0,,,other
kw34hhw7xg-3/Cycled with Arbitrary Uses Profiles/#8/LR1865SZ_first20cycle210105_001_2.xlsx,记录表.Test_Time(s),object,318631,318631,0,,,other
kw34hhw7xg-3/Cycled with Arbitrary Uses Profiles/#8/LR1865SZ_first20cycle210105_001_2.xlsx,记录表.Current(A),float64,318631,318631,0,,,current_or_rate_candidate
kw34hhw7xg-3/Cycled with Arbitrary Uses Profiles/#8/LR1865SZ_first20cycle210105_001_2.xlsx,记录表.Capacity(Ah),float64,318631,318631,0,,,capacity_candidate
kw34hhw7xg-3/Cycled with Arbitrary Uses Profiles/#8/LR1865SZ_first20cycle210105_001_2.xlsx,记录表.Voltage(V),float64,318631,318631,0,,,other
kw34hhw7xg-3/Cycled with Arbitrary Uses Profiles/#8/LR1865SZ_first20cycle210105_001_2.xlsx,记录表.Energy(Wh),float64,318631,318631,0,,,other
kw34hhw7xg-3/Cycled with Arbitrary Uses Profiles/#8/LR1865SZ_first20cycle210105_001_2.xlsx,记录表.Temperature(℃),float64,318631,318631,0,,,other
kw34hhw7xg-3/Cycled with Arbitrary Uses Profiles/#8/LR1865SZ_first20cycle210105_001_2.xlsx,记录表.Date_Time,datetime64[ns],318631,318631,,,,other
kw34hhw7xg-3/Cycled with Arbitrary Uses Profiles/#8/LR1865SZ_first20cycle210105_001_2.xlsx,记录表.Cycle_Index,int64,318631,318631,0,1.0,21.0,physical_cycle_candidate
kw34hhw7xg-3/Cycled with Arbitrary Uses Profiles/#9/LR1865SZ_cycles210121_001_3.xlsx,记录表.Data_Point,int64,279409,279409,0,,,other
kw34hhw7xg-3/Cycled with Arbitrary Uses Profiles/#9/LR1865SZ_cycles210121_001_3.xlsx,记录表.Test_Time(s),object,279409,279409,0,,,other
kw34hhw7xg-3/Cycled with Arbitrary Uses Profiles/#9/LR1865SZ_cycles210121_001_3.xlsx,记录表.Current(A),float64,279409,279409,0,,,current_or_rate_candidate
kw34hhw7xg-3/Cycled with Arbitrary Uses Profiles/#9/LR1865SZ_cycles210121_001_3.xlsx,记录表.Capacity(Ah),float64,279409,279409,0,,,capacity_candidate
kw34hhw7xg-3/Cycled with Arbitrary Uses Profiles/#9/LR1865SZ_cycles210121_001_3.xlsx,记录表.Voltage(V),float64,279409,279409,0,,,other
kw34hhw7xg-3/Cycled with Arbitrary Uses Profiles/#9/LR1865SZ_cycles210121_001_3.xlsx,记录表.Energy(Wh),float64,279409,279409,0,,,other
kw34hhw7xg-3/Cycled with Arbitrary Uses Profiles/#9/LR1865SZ_cycles210121_001_3.xlsx,记录表.Temperature(℃),float64,279409,279409,0,,,other
kw34hhw7xg-3/Cycled with Arbitrary Uses Profiles/#9/LR1865SZ_cycles210121_001_3.xlsx,记录表.Date_Time,datetime64[ns],279409,279409,,,,other
kw34hhw7xg-3/Cycled with Arbitrary Uses Profiles/#9/LR1865SZ_cycles210121_001_3.xlsx,记录表.Cycle_Index,int64,279409,279409,0,1.0,101.0,physical_cycle_candidate
kw34hhw7xg-3/Cycled with Arbitrary Uses Profiles/#9/LR1865SZ_first20cycle210117_001_3.xlsx,记录表.Data_Point,int64,314258,314258,0,,,other
kw34hhw7xg-3/Cycled with Arbitrary Uses Profiles/#9/LR1865SZ_first20cycle210117_001_3.xlsx,记录表.Test_Time(s),object,314258,314258,0,,,other
kw34hhw7xg-3/Cycled with Arbitrary Uses Profiles/#9/LR1865SZ_first20cycle210117_001_3.xlsx,记录表.Current(A),float64,314258,314258,0,,,current_or_rate_candidate
kw34hhw7xg-3/Cycled with Arbitrary Uses Profiles/#9/LR1865SZ_first20cycle210117_001_3.xlsx,记录表.Capacity(Ah),float64,314258,314258,0,,,capacity_candidate
kw34hhw7xg-3/Cycled with Arbitrary Uses Profiles/#9/LR1865SZ_first20cycle210117_001_3.xlsx,记录表.Voltage(V),float64,314258,314258,0,,,other
kw34hhw7xg-3/Cycled with Arbitrary Uses Profiles/#9/LR1865SZ_first20cycle210117_001_3.xlsx,记录表.Energy(Wh),float64,314258,314258,0,,,other
kw34hhw7xg-3/Cycled with Arbitrary Uses Profiles/#9/LR1865SZ_first20cycle210117_001_3.xlsx,记录表.Temperature(℃),float64,314258,314258,0,,,other
kw34hhw7xg-3/Cycled with Arbitrary Uses Profiles/#9/LR1865SZ_first20cycle210117_001_3.xlsx,记录表.Date_Time,datetime64[ns],314258,314258,,,,other
kw34hhw7xg-3/Cycled with Arbitrary Uses Profiles/#9/LR1865SZ_first20cycle210117_001_3.xlsx,记录表.Cycle_Index,int64,314258,314258,0,1.0,21.0,physical_cycle_candidate
kw34hhw7xg-3/Cycled with Fixed Current Profiles/#2/LR1865SZ_first20cycle201213_001_1.xlsx,记录表.Data_Point,int64,309668,309668,0,,,other
kw34hhw7xg-3/Cycled with Fixed Current Profiles/#2/LR1865SZ_first20cycle201213_001_1.xlsx,记录表.Test_Time(s),object,309668,309668,0,,,other
kw34hhw7xg-3/Cycled with Fixed Current Profiles/#2/LR1865SZ_first20cycle201213_001_1.xlsx,记录表.Current(A),float64,309668,309668,0,,,current_or_rate_candidate
kw34hhw7xg-3/Cycled with Fixed Current Profiles/#2/LR1865SZ_first20cycle201213_001_1.xlsx,记录表.Capacity(Ah),float64,309668,309668,0,,,capacity_candidate
kw34hhw7xg-3/Cycled with Fixed Current Profiles/#2/LR1865SZ_first20cycle201213_001_1.xlsx,记录表.Voltage(V),float64,309668,309668,0,,,other
kw34hhw7xg-3/Cycled with Fixed Current Profiles/#2/LR1865SZ_first20cycle201213_001_1.xlsx,记录表.Energy(Wh),float64,309668,309668,0,,,other
kw34hhw7xg-3/Cycled with Fixed Current Profiles/#2/LR1865SZ_first20cycle201213_001_1.xlsx,记录表.Temperature(℃),float64,309668,309668,0,,,other
kw34hhw7xg-3/Cycled with Fixed Current Profiles/#2/LR1865SZ_first20cycle201213_001_1.xlsx,记录表.Date_Time,datetime64[ns],309668,309668,,,,other
kw34hhw7xg-3/Cycled with Fixed Current Profiles/#2/LR1865SZ_first20cycle201213_001_1.xlsx,记录表.Cycle_Index,int64,309668,309668,0,1.0,21.0,physical_cycle_candidate
kw34hhw7xg-3/Cycled with Fixed Current Profiles/#22/LR1865SZ_cycle201214_002_1.xlsx,记录表.Data_Point,int64,141709,141709,0,,,other
kw34hhw7xg-3/Cycled with Fixed Current Profiles/#22/LR1865SZ_cycle201214_002_1.xlsx,记录表.Test_Time(s),object,141709,141709,0,,,other
kw34hhw7xg-3/Cycled with Fixed Current Profiles/#22/LR1865SZ_cycle201214_002_1.xlsx,记录表.Current(A),float64,141709,141709,0,,,current_or_rate_candidate
kw34hhw7xg-3/Cycled with Fixed Current Profiles/#22/LR1865SZ_cycle201214_002_1.xlsx,记录表.Capacity(Ah),float64,141709,141709,0,,,capacity_candidate
kw34hhw7xg-3/Cycled with Fixed Current Profiles/#22/LR1865SZ_cycle201214_002_1.xlsx,记录表.Voltage(V),float64,141709,141709,0,,,other
kw34hhw7xg-3/Cycled with Fixed Current Profiles/#22/LR1865SZ_cycle201214_002_1.xlsx,记录表.Energy(Wh),float64,141709,141709,0,,,other
kw34hhw7xg-3/Cycled with Fixed Current Profiles/#22/LR1865SZ_cycle201214_002_1.xlsx,记录表.Temperature(℃),object,141709,141709,0,,,other
kw34hhw7xg-3/Cycled with Fixed Current Profiles/#22/LR1865SZ_cycle201214_002_1.xlsx,记录表.Date_Time,datetime64[ns],141709,141709,,,,other
kw34hhw7xg-3/Cycled with Fixed Current Profiles/#22/LR1865SZ_cycle201214_002_1.xlsx,记录表.Cycle_Index,int64,141709,141709,0,1.0,101.0,physical_cycle_candidate
kw34hhw7xg-3/Cycled with Fixed Current Profiles/#22/LR1865SZ_first20cycle201210_002_1.xlsx,记录表.Data_Point,int64,325012,325012,0,,,other
kw34hhw7xg-3/Cycled with Fixed Current Profiles/#22/LR1865SZ_first20cycle201210_002_1.xlsx,记录表.Test_Time(s),object,325012,325012,0,,,other
kw34hhw7xg-3/Cycled with Fixed Current Profiles/#22/LR1865SZ_first20cycle201210_002_1.xlsx,记录表.Current(A),float64,325012,325012,0,,,current_or_rate_candidate
kw34hhw7xg-3/Cycled with Fixed Current Profiles/#22/LR1865SZ_first20cycle201210_002_1.xlsx,记录表.Capacity(Ah),float64,325012,325012,0,,,capacity_candidate
kw34hhw7xg-3/Cycled with Fixed Current Profiles/#22/LR1865SZ_first20cycle201210_002_1.xlsx,记录表.Voltage(V),float64,325012,325012,0,,,other
kw34hhw7xg-3/Cycled with Fixed Current Profiles/#22/LR1865SZ_first20cycle201210_002_1.xlsx,记录表.Energy(Wh),float64,325012,325012,0,,,other
kw34hhw7xg-3/Cycled with Fixed Current Profiles/#22/LR1865SZ_first20cycle201210_002_1.xlsx,记录表.Temperature(℃),object,325012,325012,0,,,other
kw34hhw7xg-3/Cycled with Fixed Current Profiles/#22/LR1865SZ_first20cycle201210_002_1.xlsx,记录表.Date_Time,datetime64[ns],325012,325012,,,,other
kw34hhw7xg-3/Cycled with Fixed Current Profiles/#22/LR1865SZ_first20cycle201210_002_1.xlsx,记录表.Cycle_Index,int64,325012,325012,0,1.0,21.0,physical_cycle_candidate
kw34hhw7xg-3/Cycled with Fixed Current Profiles/#23/LR1865SZ_cycles201226_002_1.xlsx,记录表.Data_Point,int64,153386,153386,0,,,other
kw34hhw7xg-3/Cycled with Fixed Current Profiles/#23/LR1865SZ_cycles201226_002_1.xlsx,记录表.Test_Time(s),object,153386,153386,0,,,other
kw34hhw7xg-3/Cycled with Fixed Current Profiles/#23/LR1865SZ_cycles201226_002_1.xlsx,记录表.Current(A),float64,153386,153386,0,,,current_or_rate_candidate
kw34hhw7xg-3/Cycled with Fixed Current Profiles/#23/LR1865SZ_cycles201226_002_1.xlsx,记录表.Capacity(Ah),float64,153386,153386,0,,,capacity_candidate
kw34hhw7xg-3/Cycled with Fixed Current Profiles/#23/LR1865SZ_cycles201226_002_1.xlsx,记录表.Voltage(V),float64,153386,153386,0,,,other
kw34hhw7xg-3/Cycled with Fixed Current Profiles/#23/LR1865SZ_cycles201226_002_1.xlsx,记录表.Energy(Wh),float64,153386,153386,0,,,other
kw34hhw7xg-3/Cycled with Fixed Current Profiles/#23/LR1865SZ_cycles201226_002_1.xlsx,记录表.Temperature(℃),float64,153386,153386,0,,,other
kw34hhw7xg-3/Cycled with Fixed Current Profiles/#23/LR1865SZ_cycles201226_002_1.xlsx,记录表.Date_Time,datetime64[ns],153386,153386,,,,other
kw34hhw7xg-3/Cycled with Fixed Current Profiles/#23/LR1865SZ_cycles201226_002_1.xlsx,记录表.Cycle_Index,int64,153386,153386,0,1.0,101.0,physical_cycle_candidate
kw34hhw7xg-3/Cycled with Fixed Current Profiles/#23/LR1865SZ_first20cycle201222_002_1.xlsx,记录表.Data_Point,int64,322719,322719,0,,,other
kw34hhw7xg-3/Cycled with Fixed Current Profiles/#23/LR1865SZ_first20cycle201222_002_1.xlsx,记录表.Test_Time(s),object,322719,322719,0,,,other
kw34hhw7xg-3/Cycled with Fixed Current Profiles/#23/LR1865SZ_first20cycle201222_002_1.xlsx,记录表.Current(A),float64,322719,322719,0,,,current_or_rate_candidate
kw34hhw7xg-3/Cycled with Fixed Current Profiles/#23/LR1865SZ_first20cycle201222_002_1.xlsx,记录表.Capacity(Ah),float64,322719,322719,0,,,capacity_candidate
kw34hhw7xg-3/Cycled with Fixed Current Profiles/#23/LR1865SZ_first20cycle201222_002_1.xlsx,记录表.Voltage(V),float64,322719,322719,0,,,other
kw34hhw7xg-3/Cycled with Fixed Current Profiles/#23/LR1865SZ_first20cycle201222_002_1.xlsx,记录表.Energy(Wh),float64,322719,322719,0,,,other
kw34hhw7xg-3/Cycled with Fixed Current Profiles/#23/LR1865SZ_first20cycle201222_002_1.xlsx,记录表.Temperature(℃),float64,322719,322719,0,,,other
kw34hhw7xg-3/Cycled with Fixed Current Profiles/#23/LR1865SZ_first20cycle201222_002_1.xlsx,记录表.Date_Time,datetime64[ns],322719,322719,,,,other
kw34hhw7xg-3/Cycled with Fixed Current Profiles/#23/LR1865SZ_first20cycle201222_002_1.xlsx,记录表.Cycle_Index,int64,322719,322719,0,1.0,21.0,physical_cycle_candidate
kw34hhw7xg-3/Cycled with Fixed Current Profiles/#26/LR1865SZ_cycle201214_002_2.xlsx,记录表.Data_Point,int64,178441,178441,0,,,other
kw34hhw7xg-3/Cycled with Fixed Current Profiles/#26/LR1865SZ_cycle201214_002_2.xlsx,记录表.Test_Time(s),object,178441,178441,0,,,other
kw34hhw7xg-3/Cycled with Fixed Current Profiles/#26/LR1865SZ_cycle201214_002_2.xlsx,记录表.Current(A),float64,178441,178441,0,,,current_or_rate_candidate
kw34hhw7xg-3/Cycled with Fixed Current Profiles/#26/LR1865SZ_cycle201214_002_2.xlsx,记录表.Capacity(Ah),float64,178441,178441,0,,,capacity_candidate
kw34hhw7xg-3/Cycled with Fixed Current Profiles/#26/LR1865SZ_cycle201214_002_2.xlsx,记录表.Voltage(V),float64,178441,178441,0,,,other
kw34hhw7xg-3/Cycled with Fixed Current Profiles/#26/LR1865SZ_cycle201214_002_2.xlsx,记录表.Energy(Wh),float64,178441,178441,0,,,other
kw34hhw7xg-3/Cycled with Fixed Current Profiles/#26/LR1865SZ_cycle201214_002_2.xlsx,记录表.Temperature(℃),float64,178441,178441,0,,,other
kw34hhw7xg-3/Cycled with Fixed Current Profiles/#26/LR1865SZ_cycle201214_002_2.xlsx,记录表.Date_Time,datetime64[ns],178441,178441,,,,other
kw34hhw7xg-3/Cycled with Fixed Current Profiles/#26/LR1865SZ_cycle201214_002_2.xlsx,记录表.Cycle_Index,int64,178441,178441,0,1.0,101.0,physical_cycle_candidate
kw34hhw7xg-3/Cycled with Fixed Current Profiles/#26/LR1865SZ_first20cycle201210_002_2.xlsx,记录表.Data_Point,int64,318819,318819,0,,,other
kw34hhw7xg-3/Cycled with Fixed Current Profiles/#26/LR1865SZ_first20cycle201210_002_2.xlsx,记录表.Test_Time(s),object,318819,318819,0,,,other
kw34hhw7xg-3/Cycled with Fixed Current Profiles/#26/LR1865SZ_first20cycle201210_002_2.xlsx,记录表.Current(A),float64,318819,318819,0,,,current_or_rate_candidate
kw34hhw7xg-3/Cycled with Fixed Current Profiles/#26/LR1865SZ_first20cycle201210_002_2.xlsx,记录表.Capacity(Ah),float64,318819,318819,0,,,capacity_candidate
kw34hhw7xg-3/Cycled with Fixed Current Profiles/#26/LR1865SZ_first20cycle201210_002_2.xlsx,记录表.Voltage(V),float64,318819,318819,0,,,other
kw34hhw7xg-3/Cycled with Fixed Current Profiles/#26/LR1865SZ_first20cycle201210_002_2.xlsx,记录表.Energy(Wh),float64,318819,318819,0,,,other
kw34hhw7xg-3/Cycled with Fixed Current Profiles/#26/LR1865SZ_first20cycle201210_002_2.xlsx,记录表.Temperature(℃),float64,318819,318819,0,,,other
kw34hhw7xg-3/Cycled with Fixed Current Profiles/#26/LR1865SZ_first20cycle201210_002_2.xlsx,记录表.Date_Time,datetime64[ns],318819,318819,,,,other
kw34hhw7xg-3/Cycled with Fixed Current Profiles/#26/LR1865SZ_first20cycle201210_002_2.xlsx,记录表.Cycle_Index,int64,318819,318819,0,1.0,21.0,physical_cycle_candidate
kw34hhw7xg-3/Cycled with Fixed Current Profiles/#29/LR1865SZ_cycle201214_002_3.xlsx,记录表.Data_Point,int64,129692,129692,0,,,other
kw34hhw7xg-3/Cycled with Fixed Current Profiles/#29/LR1865SZ_cycle201214_002_3.xlsx,记录表.Test_Time(s),object,129692,129692,0,,,other
kw34hhw7xg-3/Cycled with Fixed Current Profiles/#29/LR1865SZ_cycle201214_002_3.xlsx,记录表.Current(A),float64,129692,129692,0,,,current_or_rate_candidate
kw34hhw7xg-3/Cycled with Fixed Current Profiles/#29/LR1865SZ_cycle201214_002_3.xlsx,记录表.Capacity(Ah),float64,129692,129692,0,,,capacity_candidate
kw34hhw7xg-3/Cycled with Fixed Current Profiles/#29/LR1865SZ_cycle201214_002_3.xlsx,记录表.Voltage(V),float64,129692,129692,0,,,other
kw34hhw7xg-3/Cycled with Fixed Current Profiles/#29/LR1865SZ_cycle201214_002_3.xlsx,记录表.Energy(Wh),float64,129692,129692,0,,,other
kw34hhw7xg-3/Cycled with Fixed Current Profiles/#29/LR1865SZ_cycle201214_002_3.xlsx,记录表.Temperature(℃),object,129692,129692,0,,,other
kw34hhw7xg-3/Cycled with Fixed Current Profiles/#29/LR1865SZ_cycle201214_002_3.xlsx,记录表.Date_Time,datetime64[ns],129692,129692,,,,other
kw34hhw7xg-3/Cycled with Fixed Current Profiles/#29/LR1865SZ_cycle201214_002_3.xlsx,记录表.Cycle_Index,int64,129692,129692,0,1.0,101.0,physical_cycle_candidate
kw34hhw7xg-3/Cycled with Fixed Current Profiles/#29/LR1865SZ_first20cycle201210_002_3.xlsx,记录表.Data_Point,int64,314399,314399,0,,,other
kw34hhw7xg-3/Cycled with Fixed Current Profiles/#29/LR1865SZ_first20cycle201210_002_3.xlsx,记录表.Test_Time(s),object,314399,314399,0,,,other
kw34hhw7xg-3/Cycled with Fixed Current Profiles/#29/LR1865SZ_first20cycle201210_002_3.xlsx,记录表.Current(A),float64,314399,314399,0,,,current_or_rate_candidate
kw34hhw7xg-3/Cycled with Fixed Current Profiles/#29/LR1865SZ_first20cycle201210_002_3.xlsx,记录表.Capacity(Ah),float64,314399,314399,0,,,capacity_candidate
kw34hhw7xg-3/Cycled with Fixed Current Profiles/#29/LR1865SZ_first20cycle201210_002_3.xlsx,记录表.Voltage(V),float64,314399,314399,0,,,other
kw34hhw7xg-3/Cycled with Fixed Current Profiles/#29/LR1865SZ_first20cycle201210_002_3.xlsx,记录表.Energy(Wh),float64,314399,314399,0,,,other
kw34hhw7xg-3/Cycled with Fixed Current Profiles/#29/LR1865SZ_first20cycle201210_002_3.xlsx,记录表.Temperature(℃),object,314399,314399,0,,,other
kw34hhw7xg-3/Cycled with Fixed Current Profiles/#29/LR1865SZ_first20cycle201210_002_3.xlsx,记录表.Date_Time,datetime64[ns],314399,314399,,,,other
kw34hhw7xg-3/Cycled with Fixed Current Profiles/#29/LR1865SZ_first20cycle201210_002_3.xlsx,记录表.Cycle_Index,int64,314399,314399,0,1.0,21.0,physical_cycle_candidate
kw34hhw7xg-3/Cycled with Fixed Current Profiles/#32/LR1865SZ_cycles201214_002_4.xlsx,记录表.Data_Point,int64,202516,202516,0,,,other
kw34hhw7xg-3/Cycled with Fixed Current Profiles/#32/LR1865SZ_cycles201214_002_4.xlsx,记录表.Test_Time(s),object,202516,202516,0,,,other
kw34hhw7xg-3/Cycled with Fixed Current Profiles/#32/LR1865SZ_cycles201214_002_4.xlsx,记录表.Current(A),float64,202516,202516,0,,,current_or_rate_candidate
kw34hhw7xg-3/Cycled with Fixed Current Profiles/#32/LR1865SZ_cycles201214_002_4.xlsx,记录表.Capacity(Ah),float64,202516,202516,0,,,capacity_candidate
kw34hhw7xg-3/Cycled with Fixed Current Profiles/#32/LR1865SZ_cycles201214_002_4.xlsx,记录表.Voltage(V),float64,202516,202516,0,,,other
kw34hhw7xg-3/Cycled with Fixed Current Profiles/#32/LR1865SZ_cycles201214_002_4.xlsx,记录表.Energy(Wh),float64,202516,202516,0,,,other
kw34hhw7xg-3/Cycled with Fixed Current Profiles/#32/LR1865SZ_cycles201214_002_4.xlsx,记录表.Temperature(℃),object,202516,202516,0,,,other
kw34hhw7xg-3/Cycled with Fixed Current Profiles/#32/LR1865SZ_cycles201214_002_4.xlsx,记录表.Date_Time,datetime64[ns],202516,202516,,,,other
kw34hhw7xg-3/Cycled with Fixed Current Profiles/#32/LR1865SZ_cycles201214_002_4.xlsx,记录表.Cycle_Index,int64,202516,202516,0,1.0,101.0,physical_cycle_candidate
kw34hhw7xg-3/Cycled with Fixed Current Profiles/#32/LR1865SZ_first20cycle201210_002_4.xlsx,记录表.Data_Point,int64,316187,316187,0,,,other
kw34hhw7xg-3/Cycled with Fixed Current Profiles/#32/LR1865SZ_first20cycle201210_002_4.xlsx,记录表.Test_Time(s),object,316187,316187,0,,,other
kw34hhw7xg-3/Cycled with Fixed Current Profiles/#32/LR1865SZ_first20cycle201210_002_4.xlsx,记录表.Current(A),float64,316187,316187,0,,,current_or_rate_candidate
kw34hhw7xg-3/Cycled with Fixed Current Profiles/#32/LR1865SZ_first20cycle201210_002_4.xlsx,记录表.Capacity(Ah),float64,316187,316187,0,,,capacity_candidate
kw34hhw7xg-3/Cycled with Fixed Current Profiles/#32/LR1865SZ_first20cycle201210_002_4.xlsx,记录表.Voltage(V),float64,316187,316187,0,,,other
kw34hhw7xg-3/Cycled with Fixed Current Profiles/#32/LR1865SZ_first20cycle201210_002_4.xlsx,记录表.Energy(Wh),float64,316187,316187,0,,,other
kw34hhw7xg-3/Cycled with Fixed Current Profiles/#32/LR1865SZ_first20cycle201210_002_4.xlsx,记录表.Temperature(℃),object,316187,316187,0,,,other
kw34hhw7xg-3/Cycled with Fixed Current Profiles/#32/LR1865SZ_first20cycle201210_002_4.xlsx,记录表.Date_Time,datetime64[ns],316187,316187,,,,other
kw34hhw7xg-3/Cycled with Fixed Current Profiles/#32/LR1865SZ_first20cycle201210_002_4.xlsx,记录表.Cycle_Index,int64,316187,316187,0,1.0,21.0,physical_cycle_candidate
kw34hhw7xg-3/Cycled with Fixed Current Profiles/#35/LR1865SZ_cycles201214_002_5.xlsx,记录表.Data_Point,int64,197778,197778,0,,,other
kw34hhw7xg-3/Cycled with Fixed Current Profiles/#35/LR1865SZ_cycles201214_002_5.xlsx,记录表.Test_Time(s),object,197778,197778,0,,,other
kw34hhw7xg-3/Cycled with Fixed Current Profiles/#35/LR1865SZ_cycles201214_002_5.xlsx,记录表.Current(A),float64,197778,197778,0,,,current_or_rate_candidate
kw34hhw7xg-3/Cycled with Fixed Current Profiles/#35/LR1865SZ_cycles201214_002_5.xlsx,记录表.Capacity(Ah),float64,197778,197778,0,,,capacity_candidate
kw34hhw7xg-3/Cycled with Fixed Current Profiles/#35/LR1865SZ_cycles201214_002_5.xlsx,记录表.Voltage(V),float64,197778,197778,0,,,other
kw34hhw7xg-3/Cycled with Fixed Current Profiles/#35/LR1865SZ_cycles201214_002_5.xlsx,记录表.Energy(Wh),float64,197778,197778,0,,,other
kw34hhw7xg-3/Cycled with Fixed Current Profiles/#35/LR1865SZ_cycles201214_002_5.xlsx,记录表.Temperature(℃),float64,197778,197778,0,,,other
kw34hhw7xg-3/Cycled with Fixed Current Profiles/#35/LR1865SZ_cycles201214_002_5.xlsx,记录表.Date_Time,datetime64[ns],197778,197778,,,,other
kw34hhw7xg-3/Cycled with Fixed Current Profiles/#35/LR1865SZ_cycles201214_002_5.xlsx,记录表.Cycle_Index,int64,197778,197778,0,1.0,101.0,physical_cycle_candidate
kw34hhw7xg-3/Cycled with Fixed Current Profiles/#35/LR1865SZ_first20cycle201210_002_5.xlsx,记录表.Data_Point,int64,314675,314675,0,,,other
kw34hhw7xg-3/Cycled with Fixed Current Profiles/#35/LR1865SZ_first20cycle201210_002_5.xlsx,记录表.Test_Time(s),object,314675,314675,0,,,other
kw34hhw7xg-3/Cycled with Fixed Current Profiles/#35/LR1865SZ_first20cycle201210_002_5.xlsx,记录表.Current(A),float64,314675,314675,0,,,current_or_rate_candidate
kw34hhw7xg-3/Cycled with Fixed Current Profiles/#35/LR1865SZ_first20cycle201210_002_5.xlsx,记录表.Capacity(Ah),float64,314675,314675,0,,,capacity_candidate
kw34hhw7xg-3/Cycled with Fixed Current Profiles/#35/LR1865SZ_first20cycle201210_002_5.xlsx,记录表.Voltage(V),float64,314675,314675,0,,,other
kw34hhw7xg-3/Cycled with Fixed Current Profiles/#35/LR1865SZ_first20cycle201210_002_5.xlsx,记录表.Energy(Wh),float64,314675,314675,0,,,other
kw34hhw7xg-3/Cycled with Fixed Current Profiles/#35/LR1865SZ_first20cycle201210_002_5.xlsx,记录表.Temperature(℃),float64,314675,314675,0,,,other
kw34hhw7xg-3/Cycled with Fixed Current Profiles/#35/LR1865SZ_first20cycle201210_002_5.xlsx,记录表.Date_Time,datetime64[ns],314675,314675,,,,other
kw34hhw7xg-3/Cycled with Fixed Current Profiles/#35/LR1865SZ_first20cycle201210_002_5.xlsx,记录表.Cycle_Index,int64,314675,314675,0,1.0,21.0,physical_cycle_candidate
kw34hhw7xg-3/Cycled with Fixed Current Profiles/#38/LR1865SZ_cycles201214_002_6.xlsx,记录表.Data_Point,int64,206074,206074,0,,,other
kw34hhw7xg-3/Cycled with Fixed Current Profiles/#38/LR1865SZ_cycles201214_002_6.xlsx,记录表.Test_Time(s),object,206074,206074,0,,,other
kw34hhw7xg-3/Cycled with Fixed Current Profiles/#38/LR1865SZ_cycles201214_002_6.xlsx,记录表.Current(A),float64,206074,206074,0,,,current_or_rate_candidate
kw34hhw7xg-3/Cycled with Fixed Current Profiles/#38/LR1865SZ_cycles201214_002_6.xlsx,记录表.Capacity(Ah),float64,206074,206074,0,,,capacity_candidate
kw34hhw7xg-3/Cycled with Fixed Current Profiles/#38/LR1865SZ_cycles201214_002_6.xlsx,记录表.Voltage(V),float64,206074,206074,0,,,other
kw34hhw7xg-3/Cycled with Fixed Current Profiles/#38/LR1865SZ_cycles201214_002_6.xlsx,记录表.Energy(Wh),float64,206074,206074,0,,,other
kw34hhw7xg-3/Cycled with Fixed Current Profiles/#38/LR1865SZ_cycles201214_002_6.xlsx,记录表.Temperature(℃),object,206074,206074,0,,,other
kw34hhw7xg-3/Cycled with Fixed Current Profiles/#38/LR1865SZ_cycles201214_002_6.xlsx,记录表.Date_Time,datetime64[ns],206074,206074,,,,other
kw34hhw7xg-3/Cycled with Fixed Current Profiles/#38/LR1865SZ_cycles201214_002_6.xlsx,记录表.Cycle_Index,int64,206074,206074,0,1.0,101.0,physical_cycle_candidate
kw34hhw7xg-3/Cycled with Fixed Current Profiles/#38/LR1865SZ_first20cycle201210_002_6.xlsx,记录表.Data_Point,int64,327078,327078,0,,,other
kw34hhw7xg-3/Cycled with Fixed Current Profiles/#38/LR1865SZ_first20cycle201210_002_6.xlsx,记录表.Test_Time(s),object,327078,327078,0,,,other
kw34hhw7xg-3/Cycled with Fixed Current Profiles/#38/LR1865SZ_first20cycle201210_002_6.xlsx,记录表.Current(A),float64,327078,327078,0,,,current_or_rate_candidate
kw34hhw7xg-3/Cycled with Fixed Current Profiles/#38/LR1865SZ_first20cycle201210_002_6.xlsx,记录表.Capacity(Ah),float64,327078,327078,0,,,capacity_candidate
kw34hhw7xg-3/Cycled with Fixed Current Profiles/#38/LR1865SZ_first20cycle201210_002_6.xlsx,记录表.Voltage(V),float64,327078,327078,0,,,other
kw34hhw7xg-3/Cycled with Fixed Current Profiles/#38/LR1865SZ_first20cycle201210_002_6.xlsx,记录表.Energy(Wh),float64,327078,327078,0,,,other
kw34hhw7xg-3/Cycled with Fixed Current Profiles/#38/LR1865SZ_first20cycle201210_002_6.xlsx,记录表.Temperature(℃),object,327078,327078,0,,,other
kw34hhw7xg-3/Cycled with Fixed Current Profiles/#38/LR1865SZ_first20cycle201210_002_6.xlsx,记录表.Date_Time,datetime64[ns],327078,327078,,,,other
kw34hhw7xg-3/Cycled with Fixed Current Profiles/#38/LR1865SZ_first20cycle201210_002_6.xlsx,记录表.Cycle_Index,int64,327078,327078,0,1.0,21.0,physical_cycle_candidate
kw34hhw7xg-3/Cycled with Fixed Current Profiles/#41/LR1865SZ_cycles201221_002_8.xlsx,记录表.Data_Point,int64,205145,205145,0,,,other
kw34hhw7xg-3/Cycled with Fixed Current Profiles/#41/LR1865SZ_cycles201221_002_8.xlsx,记录表.Test_Time(s),object,205145,205145,0,,,other
kw34hhw7xg-3/Cycled with Fixed Current Profiles/#41/LR1865SZ_cycles201221_002_8.xlsx,记录表.Current(A),float64,205145,205145,0,,,current_or_rate_candidate
kw34hhw7xg-3/Cycled with Fixed Current Profiles/#41/LR1865SZ_cycles201221_002_8.xlsx,记录表.Capacity(Ah),float64,205145,205145,0,,,capacity_candidate
kw34hhw7xg-3/Cycled with Fixed Current Profiles/#41/LR1865SZ_cycles201221_002_8.xlsx,记录表.Voltage(V),float64,205145,205145,0,,,other
kw34hhw7xg-3/Cycled with Fixed Current Profiles/#41/LR1865SZ_cycles201221_002_8.xlsx,记录表.Energy(Wh),float64,205145,205145,0,,,other
kw34hhw7xg-3/Cycled with Fixed Current Profiles/#41/LR1865SZ_cycles201221_002_8.xlsx,记录表.Temperature(℃),float64,205145,205145,0,,,other
kw34hhw7xg-3/Cycled with Fixed Current Profiles/#41/LR1865SZ_cycles201221_002_8.xlsx,记录表.Date_Time,datetime64[ns],205145,205145,,,,other
kw34hhw7xg-3/Cycled with Fixed Current Profiles/#41/LR1865SZ_cycles201221_002_8.xlsx,记录表.Cycle_Index,int64,205145,205145,0,1.0,101.0,physical_cycle_candidate
kw34hhw7xg-3/Cycled with Fixed Current Profiles/#41/LR1865SZ_first20cycle201217_002_8.xlsx,记录表.Data_Point,int64,316463,316463,0,,,other
kw34hhw7xg-3/Cycled with Fixed Current Profiles/#41/LR1865SZ_first20cycle201217_002_8.xlsx,记录表.Test_Time(s),object,316463,316463,0,,,other
kw34hhw7xg-3/Cycled with Fixed Current Profiles/#41/LR1865SZ_first20cycle201217_002_8.xlsx,记录表.Current(A),float64,316463,316463,0,,,current_or_rate_candidate
kw34hhw7xg-3/Cycled with Fixed Current Profiles/#41/LR1865SZ_first20cycle201217_002_8.xlsx,记录表.Capacity(Ah),float64,316463,316463,0,,,capacity_candidate
kw34hhw7xg-3/Cycled with Fixed Current Profiles/#41/LR1865SZ_first20cycle201217_002_8.xlsx,记录表.Voltage(V),float64,316463,316463,0,,,other
kw34hhw7xg-3/Cycled with Fixed Current Profiles/#41/LR1865SZ_first20cycle201217_002_8.xlsx,记录表.Energy(Wh),float64,316463,316463,0,,,other
kw34hhw7xg-3/Cycled with Fixed Current Profiles/#41/LR1865SZ_first20cycle201217_002_8.xlsx,记录表.Temperature(℃),float64,316463,316463,0,,,other
kw34hhw7xg-3/Cycled with Fixed Current Profiles/#41/LR1865SZ_first20cycle201217_002_8.xlsx,记录表.Date_Time,datetime64[ns],316463,316463,,,,other
kw34hhw7xg-3/Cycled with Fixed Current Profiles/#41/LR1865SZ_first20cycle201217_002_8.xlsx,记录表.Cycle_Index,int64,316463,316463,0,1.0,21.0,physical_cycle_candidate
kw34hhw7xg-3/Cycled with Fixed Current Profiles/#44/LR1865SZ_cycles201003_003_5.xlsx,记录表.Data_Point,int64,477091,477091,0,,,other
kw34hhw7xg-3/Cycled with Fixed Current Profiles/#44/LR1865SZ_cycles201003_003_5.xlsx,记录表.Test_Time(s),object,477091,477091,0,,,other
kw34hhw7xg-3/Cycled with Fixed Current Profiles/#44/LR1865SZ_cycles201003_003_5.xlsx,记录表.Current(A),float64,477091,477091,0,,,current_or_rate_candidate
kw34hhw7xg-3/Cycled with Fixed Current Profiles/#44/LR1865SZ_cycles201003_003_5.xlsx,记录表.Capacity(Ah),float64,477091,477091,0,,,capacity_candidate
kw34hhw7xg-3/Cycled with Fixed Current Profiles/#44/LR1865SZ_cycles201003_003_5.xlsx,记录表.Voltage(V),float64,477091,477091,0,,,other
kw34hhw7xg-3/Cycled with Fixed Current Profiles/#44/LR1865SZ_cycles201003_003_5.xlsx,记录表.Energy(Wh),float64,477091,477091,0,,,other
kw34hhw7xg-3/Cycled with Fixed Current Profiles/#44/LR1865SZ_cycles201003_003_5.xlsx,记录表.Temperature(℃),float64,477091,477091,0,,,other
kw34hhw7xg-3/Cycled with Fixed Current Profiles/#44/LR1865SZ_cycles201003_003_5.xlsx,记录表.Date_Time,datetime64[ns],477091,477091,,,,other
kw34hhw7xg-3/Cycled with Fixed Current Profiles/#44/LR1865SZ_cycles201003_003_5.xlsx,记录表.Cycle_Index,int64,477091,477091,0,1.0,101.0,physical_cycle_candidate
kw34hhw7xg-3/Cycled with Fixed Current Profiles/#44/LR1865SZ_first20cycle200927_003_5.xlsx,记录表.Data_Point,int64,316578,316578,0,,,other
kw34hhw7xg-3/Cycled with Fixed Current Profiles/#44/LR1865SZ_first20cycle200927_003_5.xlsx,记录表.Test_Time(s),object,316578,316578,0,,,other
kw34hhw7xg-3/Cycled with Fixed Current Profiles/#44/LR1865SZ_first20cycle200927_003_5.xlsx,记录表.Current(A),float64,316578,316578,0,,,current_or_rate_candidate
kw34hhw7xg-3/Cycled with Fixed Current Profiles/#44/LR1865SZ_first20cycle200927_003_5.xlsx,记录表.Capacity(Ah),float64,316578,316578,0,,,capacity_candidate
kw34hhw7xg-3/Cycled with Fixed Current Profiles/#44/LR1865SZ_first20cycle200927_003_5.xlsx,记录表.Voltage(V),float64,316578,316578,0,,,other
kw34hhw7xg-3/Cycled with Fixed Current Profiles/#44/LR1865SZ_first20cycle200927_003_5.xlsx,记录表.Energy(Wh),float64,316578,316578,0,,,other
kw34hhw7xg-3/Cycled with Fixed Current Profiles/#44/LR1865SZ_first20cycle200927_003_5.xlsx,记录表.Temperature(℃),float64,316578,316578,0,,,other
kw34hhw7xg-3/Cycled with Fixed Current Profiles/#44/LR1865SZ_first20cycle200927_003_5.xlsx,记录表.Date_Time,datetime64[ns],316578,316578,,,,other
kw34hhw7xg-3/Cycled with Fixed Current Profiles/#44/LR1865SZ_first20cycle200927_003_5.xlsx,记录表.Cycle_Index,int64,316578,316578,0,1.0,21.0,physical_cycle_candidate
kw34hhw7xg-3/Cycled with Fixed Current Profiles/#45/LR1865SZ_cycles201221_003_5.xlsx,记录表.Data_Point,int64,243778,243778,0,,,other
kw34hhw7xg-3/Cycled with Fixed Current Profiles/#45/LR1865SZ_cycles201221_003_5.xlsx,记录表.Test_Time(s),object,243778,243778,0,,,other
kw34hhw7xg-3/Cycled with Fixed Current Profiles/#45/LR1865SZ_cycles201221_003_5.xlsx,记录表.Current(A),float64,243778,243778,0,,,current_or_rate_candidate
kw34hhw7xg-3/Cycled with Fixed Current Profiles/#45/LR1865SZ_cycles201221_003_5.xlsx,记录表.Capacity(Ah),float64,243778,243778,0,,,capacity_candidate
kw34hhw7xg-3/Cycled with Fixed Current Profiles/#45/LR1865SZ_cycles201221_003_5.xlsx,记录表.Voltage(V),float64,243778,243778,0,,,other
kw34hhw7xg-3/Cycled with Fixed Current Profiles/#45/LR1865SZ_cycles201221_003_5.xlsx,记录表.Energy(Wh),float64,243778,243778,0,,,other
kw34hhw7xg-3/Cycled with Fixed Current Profiles/#45/LR1865SZ_cycles201221_003_5.xlsx,记录表.Temperature(℃),float64,243778,243778,0,,,other
kw34hhw7xg-3/Cycled with Fixed Current Profiles/#45/LR1865SZ_cycles201221_003_5.xlsx,记录表.Date_Time,datetime64[ns],243778,243778,,,,other
kw34hhw7xg-3/Cycled with Fixed Current Profiles/#45/LR1865SZ_cycles201221_003_5.xlsx,记录表.Cycle_Index,int64,243778,243778,0,1.0,101.0,physical_cycle_candidate
kw34hhw7xg-3/Cycled with Fixed Current Profiles/#45/LR1865SZ_first20cycle201217_003_5.xlsx,记录表.Data_Point,int64,312564,312564,0,,,other
kw34hhw7xg-3/Cycled with Fixed Current Profiles/#45/LR1865SZ_first20cycle201217_003_5.xlsx,记录表.Test_Time(s),object,312564,312564,0,,,other
kw34hhw7xg-3/Cycled with Fixed Current Profiles/#45/LR1865SZ_first20cycle201217_003_5.xlsx,记录表.Current(A),float64,312564,312564,0,,,current_or_rate_candidate
kw34hhw7xg-3/Cycled with Fixed Current Profiles/#45/LR1865SZ_first20cycle201217_003_5.xlsx,记录表.Capacity(Ah),float64,312564,312564,0,,,capacity_candidate
kw34hhw7xg-3/Cycled with Fixed Current Profiles/#45/LR1865SZ_first20cycle201217_003_5.xlsx,记录表.Voltage(V),float64,312564,312564,0,,,other
kw34hhw7xg-3/Cycled with Fixed Current Profiles/#45/LR1865SZ_first20cycle201217_003_5.xlsx,记录表.Energy(Wh),float64,312564,312564,0,,,other
kw34hhw7xg-3/Cycled with Fixed Current Profiles/#45/LR1865SZ_first20cycle201217_003_5.xlsx,记录表.Temperature(℃),float64,312564,312564,0,,,other
kw34hhw7xg-3/Cycled with Fixed Current Profiles/#45/LR1865SZ_first20cycle201217_003_5.xlsx,记录表.Date_Time,datetime64[ns],312564,312564,,,,other
kw34hhw7xg-3/Cycled with Fixed Current Profiles/#45/LR1865SZ_first20cycle201217_003_5.xlsx,记录表.Cycle_Index,int64,312564,312564,0,1.0,21.0,physical_cycle_candidate
kw34hhw7xg-3/Cycled with Fixed Current Profiles/#48/LR1865SZ_cycles201003_003_6.xlsx,记录表.Data_Point,int64,487167,487167,0,,,other
kw34hhw7xg-3/Cycled with Fixed Current Profiles/#48/LR1865SZ_cycles201003_003_6.xlsx,记录表.Test_Time(s),object,487167,487167,0,,,other
kw34hhw7xg-3/Cycled with Fixed Current Profiles/#48/LR1865SZ_cycles201003_003_6.xlsx,记录表.Current(A),float64,487167,487167,0,,,current_or_rate_candidate
kw34hhw7xg-3/Cycled with Fixed Current Profiles/#48/LR1865SZ_cycles201003_003_6.xlsx,记录表.Capacity(Ah),float64,487167,487167,0,,,capacity_candidate
kw34hhw7xg-3/Cycled with Fixed Current Profiles/#48/LR1865SZ_cycles201003_003_6.xlsx,记录表.Voltage(V),float64,487167,487167,0,,,other
kw34hhw7xg-3/Cycled with Fixed Current Profiles/#48/LR1865SZ_cycles201003_003_6.xlsx,记录表.Energy(Wh),float64,487167,487167,0,,,other
kw34hhw7xg-3/Cycled with Fixed Current Profiles/#48/LR1865SZ_cycles201003_003_6.xlsx,记录表.Temperature(℃),float64,487167,487167,0,,,other
kw34hhw7xg-3/Cycled with Fixed Current Profiles/#48/LR1865SZ_cycles201003_003_6.xlsx,记录表.Date_Time,datetime64[ns],487167,487167,,,,other
kw34hhw7xg-3/Cycled with Fixed Current Profiles/#48/LR1865SZ_cycles201003_003_6.xlsx,记录表.Cycle_Index,int64,487167,487167,0,1.0,101.0,physical_cycle_candidate
kw34hhw7xg-3/Cycled with Fixed Current Profiles/#48/LR1865SZ_first20cycle200927_003_6.xlsx,记录表.Data_Point,int64,314465,314465,0,,,other
kw34hhw7xg-3/Cycled with Fixed Current Profiles/#48/LR1865SZ_first20cycle200927_003_6.xlsx,记录表.Test_Time(s),object,314465,314465,0,,,other
kw34hhw7xg-3/Cycled with Fixed Current Profiles/#48/LR1865SZ_first20cycle200927_003_6.xlsx,记录表.Current(A),float64,314465,314465,0,,,current_or_rate_candidate
kw34hhw7xg-3/Cycled with Fixed Current Profiles/#48/LR1865SZ_first20cycle200927_003_6.xlsx,记录表.Capacity(Ah),float64,314465,314465,0,,,capacity_candidate
kw34hhw7xg-3/Cycled with Fixed Current Profiles/#48/LR1865SZ_first20cycle200927_003_6.xlsx,记录表.Voltage(V),float64,314465,314465,0,,,other
kw34hhw7xg-3/Cycled with Fixed Current Profiles/#48/LR1865SZ_first20cycle200927_003_6.xlsx,记录表.Energy(Wh),float64,314465,314465,0,,,other
kw34hhw7xg-3/Cycled with Fixed Current Profiles/#48/LR1865SZ_first20cycle200927_003_6.xlsx,记录表.Temperature(℃),float64,314465,314465,0,,,other
kw34hhw7xg-3/Cycled with Fixed Current Profiles/#48/LR1865SZ_first20cycle200927_003_6.xlsx,记录表.Date_Time,datetime64[ns],314465,314465,,,,other
kw34hhw7xg-3/Cycled with Fixed Current Profiles/#48/LR1865SZ_first20cycle200927_003_6.xlsx,记录表.Cycle_Index,int64,314465,314465,0,1.0,21.0,physical_cycle_candidate
kw34hhw7xg-3/Cycled with Fixed Current Profiles/#49/LR1865SZ_cycles201221_003_6.xlsx,记录表.Data_Point,int64,242785,242785,0,,,other
kw34hhw7xg-3/Cycled with Fixed Current Profiles/#49/LR1865SZ_cycles201221_003_6.xlsx,记录表.Test_Time(s),object,242785,242785,0,,,other
kw34hhw7xg-3/Cycled with Fixed Current Profiles/#49/LR1865SZ_cycles201221_003_6.xlsx,记录表.Current(A),float64,242785,242785,0,,,current_or_rate_candidate
kw34hhw7xg-3/Cycled with Fixed Current Profiles/#49/LR1865SZ_cycles201221_003_6.xlsx,记录表.Capacity(Ah),float64,242785,242785,0,,,capacity_candidate
kw34hhw7xg-3/Cycled with Fixed Current Profiles/#49/LR1865SZ_cycles201221_003_6.xlsx,记录表.Voltage(V),float64,242785,242785,0,,,other
kw34hhw7xg-3/Cycled with Fixed Current Profiles/#49/LR1865SZ_cycles201221_003_6.xlsx,记录表.Energy(Wh),float64,242785,242785,0,,,other
kw34hhw7xg-3/Cycled with Fixed Current Profiles/#49/LR1865SZ_cycles201221_003_6.xlsx,记录表.Temperature(℃),float64,242785,242785,0,,,other
kw34hhw7xg-3/Cycled with Fixed Current Profiles/#49/LR1865SZ_cycles201221_003_6.xlsx,记录表.Date_Time,datetime64[ns],242785,242785,,,,other
kw34hhw7xg-3/Cycled with Fixed Current Profiles/#49/LR1865SZ_cycles201221_003_6.xlsx,记录表.Cycle_Index,int64,242785,242785,0,1.0,101.0,physical_cycle_candidate
kw34hhw7xg-3/Cycled with Fixed Current Profiles/#49/LR1865SZ_first20cycle201217_003_6.xlsx,记录表.Data_Point,int64,313959,313959,0,,,other
kw34hhw7xg-3/Cycled with Fixed Current Profiles/#49/LR1865SZ_first20cycle201217_003_6.xlsx,记录表.Test_Time(s),object,313959,313959,0,,,other
kw34hhw7xg-3/Cycled with Fixed Current Profiles/#49/LR1865SZ_first20cycle201217_003_6.xlsx,记录表.Current(A),float64,313959,313959,0,,,current_or_rate_candidate
kw34hhw7xg-3/Cycled with Fixed Current Profiles/#49/LR1865SZ_first20cycle201217_003_6.xlsx,记录表.Capacity(Ah),float64,313959,313959,0,,,capacity_candidate
kw34hhw7xg-3/Cycled with Fixed Current Profiles/#49/LR1865SZ_first20cycle201217_003_6.xlsx,记录表.Voltage(V),float64,313959,313959,0,,,other
kw34hhw7xg-3/Cycled with Fixed Current Profiles/#49/LR1865SZ_first20cycle201217_003_6.xlsx,记录表.Energy(Wh),float64,313959,313959,0,,,other
kw34hhw7xg-3/Cycled with Fixed Current Profiles/#49/LR1865SZ_first20cycle201217_003_6.xlsx,记录表.Temperature(℃),float64,313959,313959,0,,,other
kw34hhw7xg-3/Cycled with Fixed Current Profiles/#49/LR1865SZ_first20cycle201217_003_6.xlsx,记录表.Date_Time,datetime64[ns],313959,313959,,,,other
kw34hhw7xg-3/Cycled with Fixed Current Profiles/#49/LR1865SZ_first20cycle201217_003_6.xlsx,记录表.Cycle_Index,int64,313959,313959,0,1.0,21.0,physical_cycle_candidate
kw34hhw7xg-3/Cycled with Fixed Current Profiles/#52/LR1865SZ_cycles201003_003_7.xlsx,记录表.Data_Point,int64,643259,643259,0,,,other
kw34hhw7xg-3/Cycled with Fixed Current Profiles/#52/LR1865SZ_cycles201003_003_7.xlsx,记录表.Test_Time(s),object,643259,643259,0,,,other
kw34hhw7xg-3/Cycled with Fixed Current Profiles/#52/LR1865SZ_cycles201003_003_7.xlsx,记录表.Current(A),float64,643259,643259,0,,,current_or_rate_candidate
kw34hhw7xg-3/Cycled with Fixed Current Profiles/#52/LR1865SZ_cycles201003_003_7.xlsx,记录表.Capacity(Ah),float64,643259,643259,0,,,capacity_candidate
kw34hhw7xg-3/Cycled with Fixed Current Profiles/#52/LR1865SZ_cycles201003_003_7.xlsx,记录表.Voltage(V),float64,643259,643259,0,,,other
kw34hhw7xg-3/Cycled with Fixed Current Profiles/#52/LR1865SZ_cycles201003_003_7.xlsx,记录表.Energy(Wh),float64,643259,643259,0,,,other
kw34hhw7xg-3/Cycled with Fixed Current Profiles/#52/LR1865SZ_cycles201003_003_7.xlsx,记录表.Temperature(℃),float64,643259,643259,0,,,other
kw34hhw7xg-3/Cycled with Fixed Current Profiles/#52/LR1865SZ_cycles201003_003_7.xlsx,记录表.Date_Time,datetime64[ns],643259,643259,,,,other
kw34hhw7xg-3/Cycled with Fixed Current Profiles/#52/LR1865SZ_cycles201003_003_7.xlsx,记录表.Cycle_Index,int64,643259,643259,0,1.0,101.0,physical_cycle_candidate
kw34hhw7xg-3/Cycled with Fixed Current Profiles/#52/LR1865SZ_first20cycle200927_003_7.xlsx,记录表.Data_Point,int64,322452,322452,0,,,other
kw34hhw7xg-3/Cycled with Fixed Current Profiles/#52/LR1865SZ_first20cycle200927_003_7.xlsx,记录表.Test_Time(s),object,322452,322452,0,,,other
kw34hhw7xg-3/Cycled with Fixed Current Profiles/#52/LR1865SZ_first20cycle200927_003_7.xlsx,记录表.Current(A),float64,322452,322452,0,,,current_or_rate_candidate
kw34hhw7xg-3/Cycled with Fixed Current Profiles/#52/LR1865SZ_first20cycle200927_003_7.xlsx,记录表.Capacity(Ah),float64,322452,322452,0,,,capacity_candidate
kw34hhw7xg-3/Cycled with Fixed Current Profiles/#52/LR1865SZ_first20cycle200927_003_7.xlsx,记录表.Voltage(V),float64,322452,322452,0,,,other
kw34hhw7xg-3/Cycled with Fixed Current Profiles/#52/LR1865SZ_first20cycle200927_003_7.xlsx,记录表.Energy(Wh),float64,322452,322452,0,,,other
kw34hhw7xg-3/Cycled with Fixed Current Profiles/#52/LR1865SZ_first20cycle200927_003_7.xlsx,记录表.Temperature(℃),float64,322452,322452,0,,,other
kw34hhw7xg-3/Cycled with Fixed Current Profiles/#52/LR1865SZ_first20cycle200927_003_7.xlsx,记录表.Date_Time,datetime64[ns],322452,322452,,,,other
kw34hhw7xg-3/Cycled with Fixed Current Profiles/#52/LR1865SZ_first20cycle200927_003_7.xlsx,记录表.Cycle_Index,int64,322452,322452,0,1.0,21.0,physical_cycle_candidate
kw34hhw7xg-3/Cycled with Fixed Current Profiles/#53/LR1865SZ_cycles201221_003_7.xlsx,记录表.Data_Point,int64,228418,228418,0,,,other
kw34hhw7xg-3/Cycled with Fixed Current Profiles/#53/LR1865SZ_cycles201221_003_7.xlsx,记录表.Test_Time(s),object,228418,228418,0,,,other
kw34hhw7xg-3/Cycled with Fixed Current Profiles/#53/LR1865SZ_cycles201221_003_7.xlsx,记录表.Current(A),float64,228418,228418,0,,,current_or_rate_candidate
kw34hhw7xg-3/Cycled with Fixed Current Profiles/#53/LR1865SZ_cycles201221_003_7.xlsx,记录表.Capacity(Ah),float64,228418,228418,0,,,capacity_candidate
kw34hhw7xg-3/Cycled with Fixed Current Profiles/#53/LR1865SZ_cycles201221_003_7.xlsx,记录表.Voltage(V),float64,228418,228418,0,,,other
kw34hhw7xg-3/Cycled with Fixed Current Profiles/#53/LR1865SZ_cycles201221_003_7.xlsx,记录表.Energy(Wh),float64,228418,228418,0,,,other
kw34hhw7xg-3/Cycled with Fixed Current Profiles/#53/LR1865SZ_cycles201221_003_7.xlsx,记录表.Temperature(℃),float64,228418,228418,0,,,other
kw34hhw7xg-3/Cycled with Fixed Current Profiles/#53/LR1865SZ_cycles201221_003_7.xlsx,记录表.Date_Time,datetime64[ns],228418,228418,,,,other
kw34hhw7xg-3/Cycled with Fixed Current Profiles/#53/LR1865SZ_cycles201221_003_7.xlsx,记录表.Cycle_Index,int64,228418,228418,0,1.0,101.0,physical_cycle_candidate
kw34hhw7xg-3/Cycled with Fixed Current Profiles/#53/LR1865SZ_first20cycle201217_003_7.xlsx,记录表.Data_Point,int64,320439,320439,0,,,other
kw34hhw7xg-3/Cycled with Fixed Current Profiles/#53/LR1865SZ_first20cycle201217_003_7.xlsx,记录表.Test_Time(s),object,320439,320439,0,,,other
kw34hhw7xg-3/Cycled with Fixed Current Profiles/#53/LR1865SZ_first20cycle201217_003_7.xlsx,记录表.Current(A),float64,320439,320439,0,,,current_or_rate_candidate
kw34hhw7xg-3/Cycled with Fixed Current Profiles/#53/LR1865SZ_first20cycle201217_003_7.xlsx,记录表.Capacity(Ah),float64,320439,320439,0,,,capacity_candidate
kw34hhw7xg-3/Cycled with Fixed Current Profiles/#53/LR1865SZ_first20cycle201217_003_7.xlsx,记录表.Voltage(V),float64,320439,320439,0,,,other
kw34hhw7xg-3/Cycled with Fixed Current Profiles/#53/LR1865SZ_first20cycle201217_003_7.xlsx,记录表.Energy(Wh),float64,320439,320439,0,,,other
kw34hhw7xg-3/Cycled with Fixed Current Profiles/#53/LR1865SZ_first20cycle201217_003_7.xlsx,记录表.Temperature(℃),float64,320439,320439,0,,,other
kw34hhw7xg-3/Cycled with Fixed Current Profiles/#53/LR1865SZ_first20cycle201217_003_7.xlsx,记录表.Date_Time,datetime64[ns],320439,320439,,,,other
kw34hhw7xg-3/Cycled with Fixed Current Profiles/#53/LR1865SZ_first20cycle201217_003_7.xlsx,记录表.Cycle_Index,int64,320439,320439,0,1.0,21.0,physical_cycle_candidate
kw34hhw7xg-3/Cycled with Fixed Current Profiles/#57/LR1865SZ_cycles201003_003_8.xlsx,记录表.Data_Point,int64,640146,640146,0,,,other
kw34hhw7xg-3/Cycled with Fixed Current Profiles/#57/LR1865SZ_cycles201003_003_8.xlsx,记录表.Test_Time(s),object,640146,640146,0,,,other
kw34hhw7xg-3/Cycled with Fixed Current Profiles/#57/LR1865SZ_cycles201003_003_8.xlsx,记录表.Current(A),float64,640146,640146,0,,,current_or_rate_candidate
kw34hhw7xg-3/Cycled with Fixed Current Profiles/#57/LR1865SZ_cycles201003_003_8.xlsx,记录表.Capacity(Ah),float64,640146,640146,0,,,capacity_candidate
kw34hhw7xg-3/Cycled with Fixed Current Profiles/#57/LR1865SZ_cycles201003_003_8.xlsx,记录表.Voltage(V),float64,640146,640146,0,,,other
kw34hhw7xg-3/Cycled with Fixed Current Profiles/#57/LR1865SZ_cycles201003_003_8.xlsx,记录表.Energy(Wh),float64,640146,640146,0,,,other
kw34hhw7xg-3/Cycled with Fixed Current Profiles/#57/LR1865SZ_cycles201003_003_8.xlsx,记录表.Temperature(℃),float64,640146,640146,0,,,other
kw34hhw7xg-3/Cycled with Fixed Current Profiles/#57/LR1865SZ_cycles201003_003_8.xlsx,记录表.Date_Time,datetime64[ns],640146,640146,,,,other
kw34hhw7xg-3/Cycled with Fixed Current Profiles/#57/LR1865SZ_cycles201003_003_8.xlsx,记录表.Cycle_Index,int64,640146,640146,0,1.0,101.0,physical_cycle_candidate
kw34hhw7xg-3/Cycled with Fixed Current Profiles/#57/LR1865SZ_first20cycle200927_003_8.xlsx,记录表.Data_Point,int64,319488,319488,0,,,other
kw34hhw7xg-3/Cycled with Fixed Current Profiles/#57/LR1865SZ_first20cycle200927_003_8.xlsx,记录表.Test_Time(s),object,319488,319488,0,,,other
kw34hhw7xg-3/Cycled with Fixed Current Profiles/#57/LR1865SZ_first20cycle200927_003_8.xlsx,记录表.Current(A),float64,319488,319488,0,,,current_or_rate_candidate
kw34hhw7xg-3/Cycled with Fixed Current Profiles/#57/LR1865SZ_first20cycle200927_003_8.xlsx,记录表.Capacity(Ah),float64,319488,319488,0,,,capacity_candidate
kw34hhw7xg-3/Cycled with Fixed Current Profiles/#57/LR1865SZ_first20cycle200927_003_8.xlsx,记录表.Voltage(V),float64,319488,319488,0,,,other
kw34hhw7xg-3/Cycled with Fixed Current Profiles/#57/LR1865SZ_first20cycle200927_003_8.xlsx,记录表.Energy(Wh),float64,319488,319488,0,,,other
kw34hhw7xg-3/Cycled with Fixed Current Profiles/#57/LR1865SZ_first20cycle200927_003_8.xlsx,记录表.Temperature(℃),float64,319488,319488,0,,,other
kw34hhw7xg-3/Cycled with Fixed Current Profiles/#57/LR1865SZ_first20cycle200927_003_8.xlsx,记录表.Date_Time,datetime64[ns],319488,319488,,,,other
kw34hhw7xg-3/Cycled with Fixed Current Profiles/#57/LR1865SZ_first20cycle200927_003_8.xlsx,记录表.Cycle_Index,int64,319488,319488,0,1.0,21.0,physical_cycle_candidate
kw34hhw7xg-3/Cycled with Fixed Current Profiles/#58/LR1865SZ_cycles201221_003_8.xlsx,记录表.Data_Point,int64,186774,186774,0,,,other
kw34hhw7xg-3/Cycled with Fixed Current Profiles/#58/LR1865SZ_cycles201221_003_8.xlsx,记录表.Test_Time(s),object,186774,186774,0,,,other
kw34hhw7xg-3/Cycled with Fixed Current Profiles/#58/LR1865SZ_cycles201221_003_8.xlsx,记录表.Current(A),float64,186774,186774,0,,,current_or_rate_candidate
kw34hhw7xg-3/Cycled with Fixed Current Profiles/#58/LR1865SZ_cycles201221_003_8.xlsx,记录表.Capacity(Ah),float64,186774,186774,0,,,capacity_candidate
kw34hhw7xg-3/Cycled with Fixed Current Profiles/#58/LR1865SZ_cycles201221_003_8.xlsx,记录表.Voltage(V),float64,186774,186774,0,,,other
kw34hhw7xg-3/Cycled with Fixed Current Profiles/#58/LR1865SZ_cycles201221_003_8.xlsx,记录表.Energy(Wh),float64,186774,186774,0,,,other
kw34hhw7xg-3/Cycled with Fixed Current Profiles/#58/LR1865SZ_cycles201221_003_8.xlsx,记录表.Temperature(℃),float64,186774,186774,0,,,other
kw34hhw7xg-3/Cycled with Fixed Current Profiles/#58/LR1865SZ_cycles201221_003_8.xlsx,记录表.Date_Time,datetime64[ns],186774,186774,,,,other
kw34hhw7xg-3/Cycled with Fixed Current Profiles/#58/LR1865SZ_cycles201221_003_8.xlsx,记录表.Cycle_Index,int64,186774,186774,0,1.0,101.0,physical_cycle_candidate
kw34hhw7xg-3/Cycled with Fixed Current Profiles/#58/LR1865SZ_first20cycle201217_003_8.xlsx,记录表.Data_Point,int64,315302,315302,0,,,other
kw34hhw7xg-3/Cycled with Fixed Current Profiles/#58/LR1865SZ_first20cycle201217_003_8.xlsx,记录表.Test_Time(s),object,315302,315302,0,,,other
kw34hhw7xg-3/Cycled with Fixed Current Profiles/#58/LR1865SZ_first20cycle201217_003_8.xlsx,记录表.Current(A),float64,315302,315302,0,,,current_or_rate_candidate
kw34hhw7xg-3/Cycled with Fixed Current Profiles/#58/LR1865SZ_first20cycle201217_003_8.xlsx,记录表.Capacity(Ah),float64,315302,315302,0,,,capacity_candidate
kw34hhw7xg-3/Cycled with Fixed Current Profiles/#58/LR1865SZ_first20cycle201217_003_8.xlsx,记录表.Voltage(V),float64,315302,315302,0,,,other
kw34hhw7xg-3/Cycled with Fixed Current Profiles/#58/LR1865SZ_first20cycle201217_003_8.xlsx,记录表.Energy(Wh),float64,315302,315302,0,,,other
kw34hhw7xg-3/Cycled with Fixed Current Profiles/#58/LR1865SZ_first20cycle201217_003_8.xlsx,记录表.Temperature(℃),float64,315302,315302,0,,,other
kw34hhw7xg-3/Cycled with Fixed Current Profiles/#58/LR1865SZ_first20cycle201217_003_8.xlsx,记录表.Date_Time,datetime64[ns],315302,315302,,,,other
kw34hhw7xg-3/Cycled with Fixed Current Profiles/#58/LR1865SZ_first20cycle201217_003_8.xlsx,记录表.Cycle_Index,int64,315302,315302,0,1.0,21.0,physical_cycle_candidate
kw34hhw7xg-3/Cycled with Fixed Current Profiles/#6/LR1865SZ_cycles201217_001_2.xlsx,记录表.Data_Point,int64,126648,126648,0,,,other
kw34hhw7xg-3/Cycled with Fixed Current Profiles/#6/LR1865SZ_cycles201217_001_2.xlsx,记录表.Test_Time(s),object,126648,126648,0,,,other
kw34hhw7xg-3/Cycled with Fixed Current Profiles/#6/LR1865SZ_cycles201217_001_2.xlsx,记录表.Current(A),float64,126648,126648,0,,,current_or_rate_candidate
kw34hhw7xg-3/Cycled with Fixed Current Profiles/#6/LR1865SZ_cycles201217_001_2.xlsx,记录表.Capacity(Ah),float64,126648,126648,0,,,capacity_candidate
kw34hhw7xg-3/Cycled with Fixed Current Profiles/#6/LR1865SZ_cycles201217_001_2.xlsx,记录表.Voltage(V),float64,126648,126648,0,,,other
kw34hhw7xg-3/Cycled with Fixed Current Profiles/#6/LR1865SZ_cycles201217_001_2.xlsx,记录表.Energy(Wh),float64,126648,126648,0,,,other
kw34hhw7xg-3/Cycled with Fixed Current Profiles/#6/LR1865SZ_cycles201217_001_2.xlsx,记录表.Temperature(℃),object,126648,126648,0,,,other
kw34hhw7xg-3/Cycled with Fixed Current Profiles/#6/LR1865SZ_cycles201217_001_2.xlsx,记录表.Date_Time,datetime64[ns],126648,126648,,,,other
kw34hhw7xg-3/Cycled with Fixed Current Profiles/#6/LR1865SZ_cycles201217_001_2.xlsx,记录表.Cycle_Index,int64,126648,126648,0,1.0,101.0,physical_cycle_candidate
kw34hhw7xg-3/Cycled with Fixed Current Profiles/#6/LR1865SZ_first20cycle201213_001_2.xlsx,记录表.Data_Point,int64,317857,317857,0,,,other
kw34hhw7xg-3/Cycled with Fixed Current Profiles/#6/LR1865SZ_first20cycle201213_001_2.xlsx,记录表.Test_Time(s),object,317857,317857,0,,,other
kw34hhw7xg-3/Cycled with Fixed Current Profiles/#6/LR1865SZ_first20cycle201213_001_2.xlsx,记录表.Current(A),float64,317857,317857,0,,,current_or_rate_candidate
kw34hhw7xg-3/Cycled with Fixed Current Profiles/#6/LR1865SZ_first20cycle201213_001_2.xlsx,记录表.Capacity(Ah),float64,317857,317857,0,,,capacity_candidate
kw34hhw7xg-3/Cycled with Fixed Current Profiles/#6/LR1865SZ_first20cycle201213_001_2.xlsx,记录表.Voltage(V),float64,317857,317857,0,,,other
kw34hhw7xg-3/Cycled with Fixed Current Profiles/#6/LR1865SZ_first20cycle201213_001_2.xlsx,记录表.Energy(Wh),float64,317857,317857,0,,,other
kw34hhw7xg-3/Cycled with Fixed Current Profiles/#6/LR1865SZ_first20cycle201213_001_2.xlsx,记录表.Temperature(℃),object,317857,317857,0,,,other
kw34hhw7xg-3/Cycled with Fixed Current Profiles/#6/LR1865SZ_first20cycle201213_001_2.xlsx,记录表.Date_Time,datetime64[ns],317857,317857,,,,other
kw34hhw7xg-3/Cycled with Fixed Current Profiles/#6/LR1865SZ_first20cycle201213_001_2.xlsx,记录表.Cycle_Index,int64,317857,317857,0,1.0,21.0,physical_cycle_candidate
